id,name,url,image_url,group_name,sphere_name
1,Обустройство социально-бытовых объектов ПАО «ГМК «Норильский никель»,https://ladzavod.ru/portfolio/proizvodstvennye-ploshchadki-i-akb/obustrojstvo-socialno-bytovyh-obektov-pao-gmk-norilskij-nikel,https://ladzavod.ru/storage/app/uploads/public/67a/176/c15/67a176c15ff9b479708059.png,Производственные площадки и АКБ,Промышленное освещение
2,Освещение установки комплексной подготовки газа (УКПГ) «Коптевская». ООО «ННК-Саратовнефтегаздобыча»,https://ladzavod.ru/portfolio/neftegazovyj-kompleks-i-vzryvozashchishchennoe-oborudovanie/osveshchenie-ustanovki-kompleksnoj-podgotovki-gaza-ukpg-koptevskaya-ooo-nnk-saratovneftegazdobycha,https://ladzavod.ru/storage/app/uploads/public/67a/19c/f30/67a19cf30c2e9873375640.jpg,Нефтегазовый комплекс и взрывозащищенное оборудование,Взрывозащищенное оборудование
3,Строящийся склад хранения сыпучих ингредиентов ООО «Фабрика настоящего мороженого» ЗАО «Кореновский молочно-консервный комбинат» (ЗАО «КМКК») ТМ Коровкаиз Кореновки,https://ladzavod.ru/portfolio/osveshchenie-skladskih-prostranstv/stroyashchijsya-sklad-hraneniya-sypuchih-ingredientov-ooo-fabrika-nastoyashchego-morozhenogo-zao-korenovskij-molochno-konservnyj-kombinat-zao-kmkk-tm-korovkaiz-korenovki,https://ladzavod.ru/storage/app/uploads/public/67a/421/1b2/67a4211b2f48d720287829.jpg,Освещение складских пространств,Складские помещения
4,Освещение производственных площадей и прилегающих территорий ПАО «Магнитогорский металлургический комбинат» (ПАО «ММК»),https://ladzavod.ru/portfolio/proizvodstvennye-ploshchadki-i-akb/osveshchenie-proizvodstvennyh-ploshchadej-i-prilegayushchih-territorij-pao-magnitogorskij-metallurgicheskij-kombinat-pao-mmk,https://ladzavod.ru/storage/app/uploads/public/67a/b59/240/67ab59240b864626845362.jpg,Производственные площадки и АКБ,Промышленное освещение
5,Наружное и цеховое освещение. Ракетно-космическая корпорация «Энергия» им. С.П. Королёва,https://ladzavod.ru/portfolio/proizvodstvennye-ploshchadki-i-akb/naruzhnoe-i-cehovoe-osveshchenie-raketno-kosmicheskaya-korporaciya-energiya-im-sp-korolyova,https://ladzavod.ru/storage/app/uploads/public/67a/b5a/262/67ab5a26265b5448347582.jpg,Производственные площадки и АКБ,Промышленное освещение
6,Поэтапная замена существующего освещения в цехах ПАО «Новолипецкий металлургический комбинат» (ПАО «НЛМК»),https://ladzavod.ru/portfolio/proizvodstvennye-ploshchadki-i-akb/poetapnaya-zamena-sushchestvuyushchego-osveshcheniya-v-cehah-pao-novolipeckij-metallurgicheskij-kombinat-pao-nlmk,https://ladzavod.ru/storage/app/uploads/public/67a/b5a/fe7/67ab5afe755f4738854623.jpg,Производственные площадки и АКБ,Тяжелые условия эксплуатации
7,"Инвест проект по техническому перевооружению Доменных печей №1, №2 и №5 ПАО «Северсталь»",https://ladzavod.ru/portfolio/proizvodstvennye-ploshchadki-i-akb/invest-proekt-po-tehnicheskomu-perevooruzheniyu-domennyh-pechej-1-2-i-5-pao-severstal,https://ladzavod.ru/storage/app/uploads/public/67a/dc3/ba1/67adc3ba10788540737798.jpg,Производственные площадки и АКБ,Промышленное освещение
8,Поэтапная замена существующего освещения в цехах ПАО «Новолипецкий металлургический комбинат» (ПАО «НЛМК»),https://ladzavod.ru/portfolio/proizvodstvennye-ploshchadki-i-akb/poetapnaya-zamena-sushchestvuyushchego-osveshcheniya-v-cehah-pao-novolipeckij-metallurgicheskij-kombinat-pao-nlmk,https://ladzavod.ru/storage/app/uploads/public/67a/dc4/13d/67adc413d9120938522730.jpg,Производственные площадки и АКБ,Промышленное освещение
9,Мачтовое освещение территории ООО «Тихвинский ферохромный Завод» (ООО «ТФЗ»),https://ladzavod.ru/portfolio/proizvodstvennye-ploshchadki-i-akb/machtovoe-osveshchenie-territorii-ooo-tihvinskij-ferohromnyj-zavod-ooo-tfz,https://ladzavod.ru/storage/app/uploads/public/67a/dc4/417/67adc441724bb245502220.jpg,Производственные площадки и АКБ,Промышленное освещение
10,Мощные светильники для ООО «Вагоноремонтное предприятие «Новотранс»,https://ladzavod.ru/portfolio/proizvodstvennye-ploshchadki-i-akb/moshchnye-svetilniki-dlya-ooo-vagonoremontnoe-predpriyatie-novotrans,https://ladzavod.ru/storage/app/uploads/public/67a/dc4/5ae/67adc45aebf6a231633046.jpg,Производственные площадки и АКБ,Промышленное освещение
11,Освещение отвала фосфогипса. Промышленная площадка Балаковского филиала АО «Апатит»,https://ladzavod.ru/portfolio/proizvodstvennye-ploshchadki-i-akb/osveshchenie-otvala-fosfogipsa-promyshlennaya-ploshchadka-balakovskogo-filiala-ao-apatit,https://ladzavod.ru/storage/app/uploads/public/67a/dc4/733/67adc4733058f946442081.jpg,Производственные площадки и АКБ,Промышленное освещение
12,Цех металлообработки ООО «Уфагидромаш»,https://ladzavod.ru/portfolio/proizvodstvennye-ploshchadki-i-akb/ceh-metalloobrabotki-ooo-ufagidromash,https://ladzavod.ru/storage/app/uploads/public/67a/dc4/8c5/67adc48c52bcb193711612.jpg,Производственные площадки и АКБ,Промышленное освещение
13,Угольные разрезы АО УК «Кузбассразрезуголь»,https://ladzavod.ru/portfolio/proizvodstvennye-ploshchadki-i-akb/ugolnye-razrezy-ao-uk-kuzbassrazrezugol,https://ladzavod.ru/storage/app/uploads/public/67a/dc4/a3b/67adc4a3b3b29834632653.jpg,Производственные площадки и АКБ,Промышленное освещение
14,Завод химических удобрений ООО «Инвестхимагро»,https://ladzavod.ru/portfolio/proizvodstvennye-ploshchadki-i-akb/zavod-himicheskih-udobrenij-ooo-investhimagro,https://ladzavod.ru/storage/app/uploads/public/67a/dc4/bee/67adc4beecb05329407532.jpg,Производственные площадки и АКБ,Промышленное освещение
15,Промышленное освещение АО «Эй Джи Си Борский стекольный завод»,https://ladzavod.ru/portfolio/proizvodstvennye-ploshchadki-i-akb/promyshlennoe-osveshchenie-ao-ej-dzhi-si-borskij-stekolnyj-zavod,https://ladzavod.ru/storage/app/uploads/public/67a/dc4/dc1/67adc4dc15f8d398173534.jpg,Производственные площадки и АКБ,Промышленное освещение
16,"Реконструкция освещения завод «ЯрПиво», ООО «Пивоваренная компания «Балтика»",https://ladzavod.ru/portfolio/proizvodstvennye-ploshchadki-i-akb/rekonstrukciya-osveshcheniya-zavod-yarpivo-ooo-pivovarennaya-kompaniya-baltika,https://ladzavod.ru/storage/app/uploads/public/67a/dc4/fba/67adc4fbae7de347386158.jpg,Производственные площадки и АКБ,Промышленное освещение
17,"Освещение производственных помещений, складов, наружное в том числе КПП. Завод по производству зерновых (висковых) дистилятов с спиртохранилищем ОАО «Ариант спиритс»",https://ladzavod.ru/portfolio/proizvodstvennye-ploshchadki-i-akb/osveshchenie-proizvodstvennyh-pomeshchenij-skladov-naruzhnoe-v-tom-chisle-kpp-zavod-po-proizvodstvu-zernovyh-viskovyh-distilyatov-s-spirtohranilishchem-oao-ariant-spirits,https://ladzavod.ru/storage/app/uploads/public/67a/dc5/146/67adc5146eb3a766294825.jpg,Производственные площадки и АКБ,Промышленное освещение
18,Строительство цеха хранения и переработки ООО «Грин Рэй Кубань» (Green Ray),https://ladzavod.ru/portfolio/proizvodstvennye-ploshchadki-i-akb/stroitelstvo-ceha-hraneniya-i-pererabotki-ooo-grin-rej-kuban-green-ray,https://ladzavod.ru/storage/app/uploads/public/67a/dc5/335/67adc53352e13512725578.jpg,Производственные площадки и АКБ,Промышленное освещение
19,Наружное освещение мокрой газоочистки ПАО «Косогорский Металлургический Завод» (ПАО «КМЗ»),https://ladzavod.ru/portfolio/proizvodstvennye-ploshchadki-i-akb/naruzhnoe-osveshchenie-mokroj-gazoochistki-pao-kosogorskij-metallurgicheskij-zavod-pao-kmz,https://ladzavod.ru/storage/app/uploads/public/67a/dc5/689/67adc56897226996309878.jpg,Производственные площадки и АКБ,Промышленное освещение
20,Строительство содового завода АО «Новотроицкий завод хромовых соединений» (АО «НЗХС»),https://ladzavod.ru/portfolio/proizvodstvennye-ploshchadki-i-akb/stroitelstvo-sodovogo-zavoda-ao-novotroickij-zavod-hromovyh-soedinenij-ao-nzhs,https://ladzavod.ru/storage/app/uploads/public/67a/dc5/7f2/67adc57f2d9b5349507368.png,Производственные площадки и АКБ,Промышленное освещение
21,Завод монтажной пены ООО «Люксполихим»,https://ladzavod.ru/portfolio/proizvodstvennye-ploshchadki-i-akb/zavod-montazhnoj-peny-ooo-lyukspolihim,https://ladzavod.ru/storage/app/uploads/public/67a/dc5/996/67adc5996ee0e967229723.png,Производственные площадки и АКБ,Промышленное освещение
22,Поэтапная замена существующего освещения в цехах ПАО «Новолипецкий металлургический комбинат» (ПАО «НЛМК»),https://ladzavod.ru/portfolio/proizvodstvennye-ploshchadki-i-akb/poetapnaya-zamena-sushchestvuyushchego-osveshcheniya-v-cehah-pao-novolipeckij-metallurgicheskij-kombinat-pao-nlmk,https://ladzavod.ru/storage/app/uploads/public/67a/dc5/b1a/67adc5b1a62ee658944311.png,Производственные площадки и АКБ,Промышленное освещение
23,Модернизация системы освещения приборами высокой мощности на территории разреза «Пермяковский»,https://ladzavod.ru/portfolio/proizvodstvennye-ploshchadki-i-akb/modernizaciya-sistemy-osveshcheniya-priborami-vysokoj-moshchnosti-na-territorii-razreza-permyakovskij,https://ladzavod.ru/storage/app/uploads/public/67a/dc5/f88/67adc5f88effd486663177.png,Производственные площадки и АКБ,Промышленное освещение
24,Модернизация турбоагрегатов ТЭЦ-9 ПАО «Т Плюс»,https://ladzavod.ru/portfolio/proizvodstvennye-ploshchadki-i-akb/modernizaciya-turboagregatov-tec-9-pao-t-plyus,https://ladzavod.ru/storage/app/uploads/public/67a/dc6/179/67adc6179f267482478976.png,Производственные площадки и АКБ,Промышленное освещение
25,"Реконструкция внутреннего и наружного освещения «Курская АЭС-1», Филиал АО «Концерн Росэнергоатом»",https://ladzavod.ru/portfolio/proizvodstvennye-ploshchadki-i-akb/rekonstrukciya-vnutrennego-i-naruzhnogo-osveshcheniya-kurskaya-aes-1-filial-ao-koncern-rosenergoatom,https://ladzavod.ru/storage/app/uploads/public/67a/dc6/2c6/67adc62c6662d625943039.png,Производственные площадки и АКБ,Промышленное освещение
26,Реконструкция и модернизация «Ставропольская ГРЭС»,https://ladzavod.ru/portfolio/proizvodstvennye-ploshchadki-i-akb/rekonstrukciya-i-modernizaciya-stavropolskaya-gres,https://ladzavod.ru/storage/app/uploads/public/67a/dc6/408/67adc6408efcb326894420.png,Производственные площадки и АКБ,Промышленное освещение
27,Реконструкция цеха сборки а/д машин ССЦ ЗАО «Челябинские Строительно-дорожные машины» (ЗАО «ЧСДМ»),https://ladzavod.ru/portfolio/proizvodstvennye-ploshchadki-i-akb/rekonstrukciya-ceha-sborki-a-d-mashin-ssc-zao-chelyabinskie-stroitelno-dorozhnye-mashiny-zao-chsdm,https://ladzavod.ru/storage/app/uploads/public/67a/dc6/573/67adc6573abb5148700357.png,Производственные площадки и АКБ,Промышленное освещение
28,Замена традиционного освещения в производственных помещениях АО «Копейский машзавод»,https://ladzavod.ru/portfolio/proizvodstvennye-ploshchadki-i-akb/zamena-tradicionnogo-osveshcheniya-v-proizvodstvennyh-pomeshcheniyah-ao-kopejskij-mashzavod,https://ladzavod.ru/storage/app/uploads/public/67a/dc6/6ae/67adc66ae88db390030498.png,Производственные площадки и АКБ,Промышленное освещение
29,"Освещение Красноярской ТЭЦ-1, ТЭЦ-3, ООО «Сибирская генерирующая компания»",https://ladzavod.ru/portfolio/proizvodstvennye-ploshchadki-i-akb/osveshchenie-krasnoyarskoj-tec-1-tec-3-ooo-sibirskaya-generiruyushchaya-kompaniya,https://ladzavod.ru/storage/app/uploads/public/67a/dc6/7e3/67adc67e352d4498801013.png,Производственные площадки и АКБ,Промышленное освещение
30,Внутренне освещение энергоблоков строящейся АЭС «Руппур»,https://ladzavod.ru/portfolio/proizvodstvennye-ploshchadki-i-akb/vnutrenne-osveshchenie-energoblokov-stroyashchejsya-aes-ruppur,https://ladzavod.ru/storage/app/uploads/public/67a/dc6/9aa/67adc69aa9c52841833203.png,Производственные площадки и АКБ,Промышленное освещение
31,Предприятие по переработке молока ООО «Уфагормолзавод»,https://ladzavod.ru/portfolio/proizvodstvennye-ploshchadki-i-akb/predpriyatie-po-pererabotke-moloka-ooo-ufagormolzavod,https://ladzavod.ru/storage/app/uploads/public/67a/dc6/aad/67adc6aade362892358007.png,Производственные площадки и АКБ,Промышленное освещение
32,Завод по производству стальной футеровки (броневые листы) ООО «СтилАрмор»,https://ladzavod.ru/portfolio/proizvodstvennye-ploshchadki-i-akb/zavod-po-proizvodstvu-stalnoj-futerovki-bronevye-listy-ooo-stilarmor,https://ladzavod.ru/storage/app/uploads/public/67a/dc6/c86/67adc6c86436d267843081.png,Производственные площадки и АКБ,Промышленное освещение
33,Строительство дробильно-сортировочной установки ДСУ ООО «Варнеский дробильно-сортировочный комплекс»,https://ladzavod.ru/portfolio/proizvodstvennye-ploshchadki-i-akb/stroitelstvo-drobilno-sortirovochnoj-ustanovki-dsu-ooo-varneskij-drobilno-sortirovochnyj-kompleks,https://ladzavod.ru/storage/app/uploads/public/67a/dc6/df4/67adc6df4ad2a832263226.png,Производственные площадки и АКБ,Промышленное освещение
34,Освещение цехов ПАО «ЧМК «Мечел»,https://ladzavod.ru/portfolio/proizvodstvennye-ploshchadki-i-akb/osveshchenie-cehov-pao-chmk-mechel,https://ladzavod.ru/storage/app/uploads/public/67a/dc6/f68/67adc6f68bac3207930013.png,Производственные площадки и АКБ,Промышленное освещение
35,Освещение Агрокомплекса «Ногинский»,https://ladzavod.ru/portfolio/proizvodstvennye-ploshchadki-i-akb/osveshchenie-agrokompleksa-noginskij,https://ladzavod.ru/storage/app/uploads/public/67a/dc7/0a9/67adc70a9f3b2783156708.png,Производственные площадки и АКБ,Промышленное освещение
36,Мойки самообслуживания на заправках города и области ООО ТД «Нефтьмагистраль»,https://ladzavod.ru/portfolio/proizvodstvennye-ploshchadki-i-akb/mojki-samoobsluzhivaniya-na-zapravkah-goroda-i-oblasti-ooo-td-neftmagistral,https://ladzavod.ru/storage/app/uploads/public/67a/dc7/1d2/67adc71d21165305006216.png,Производственные площадки и АКБ,Промышленное освещение
37,Освещение завода по металлообработке АО «Механический завод»,https://ladzavod.ru/portfolio/proizvodstvennye-ploshchadki-i-akb/osveshchenie-zavoda-po-metalloobrabotke-ao-mehanicheskij-zavod,https://ladzavod.ru/storage/app/uploads/public/67a/dc7/33f/67adc733f3e99841451010.png,Производственные площадки и АКБ,Промышленное освещение
38,"ООО «Завод лабораторной мебели «Эксперт», г. Псков (крупнейших производителей специализированной лабораторной мебели на территории СНГ)",https://ladzavod.ru/portfolio/proizvodstvennye-ploshchadki-i-akb/ooo-zavod-laboratornoj-mebeli-ekspert-g-pskov-krupnejshih-proizvoditelej-specializirovannoj-laboratornoj-mebeli-na-territorii-sng,https://ladzavod.ru/storage/app/uploads/public/67a/dc7/4cc/67adc74cca09f255161138.png,Производственные площадки и АКБ,Промышленное освещение
39,Освещение производственных площадей Невинномысская ГРЭС,https://ladzavod.ru/portfolio/proizvodstvennye-ploshchadki-i-akb/osveshchenie-proizvodstvennyh-ploshchadej-nevinnomysskaya-gres,https://ladzavod.ru/storage/app/uploads/public/67a/dc7/641/67adc7641919c376259219.png,Производственные площадки и АКБ,Промышленное освещение
40,Освещение Малмыжский ГОК,https://ladzavod.ru/portfolio/proizvodstvennye-ploshchadki-i-akb/osveshchenie-malmyzhskij-gok,https://ladzavod.ru/storage/app/uploads/public/67a/dc7/798/67adc779874a4591329015.png,Производственные площадки и АКБ,Промышленное освещение
41,Освещение ФГУП Производственное объединение «МАЯК» предприятие госкорпорации «РОСАТОМ»,https://ladzavod.ru/portfolio/proizvodstvennye-ploshchadki-i-akb/osveshchenie-fgup-proizvodstvennoe-obedinenie-mayak-predpriyatie-goskorporacii-rosatom,https://ladzavod.ru/storage/app/uploads/public/67a/dc7/9a9/67adc79a90631983664842.png,Производственные площадки и АКБ,Промышленное освещение
42,Освещение ЗАО «Южуралзолото»,https://ladzavod.ru/portfolio/proizvodstvennye-ploshchadki-i-akb/osveshchenie-zao-yuzhuralzoloto,https://ladzavod.ru/storage/app/uploads/public/67a/dc7/b0a/67adc7b0a47c3680625255.png,Производственные площадки и АКБ,Промышленное освещение
43,Освещение производственных площадей ООО «Хенкель Рус»,https://ladzavod.ru/portfolio/proizvodstvennye-ploshchadki-i-akb/osveshchenie-proizvodstvennyh-ploshchadej-ooo-henkel-rus,https://ladzavod.ru/storage/app/uploads/public/67a/dc7/c42/67adc7c42e299609750226.png,Производственные площадки и АКБ,Промышленное освещение
44,Освещение Ростовской АЭС,https://ladzavod.ru/portfolio/proizvodstvennye-ploshchadki-i-akb/osveshchenie-rostovskoj-aes,https://ladzavod.ru/storage/app/uploads/public/67a/dc7/dae/67adc7daea2b8583873362.png,Производственные площадки и АКБ,Промышленное освещение
45,"Освещение цехов ОАО «Лебединский ГОК», Холдинг «Металлоинвест»",https://ladzavod.ru/portfolio/proizvodstvennye-ploshchadki-i-akb/osveshchenie-cehov-oao-lebedinskij-gok-holding-metalloinvest,https://ladzavod.ru/storage/app/uploads/public/67a/dc7/f3b/67adc7f3bc9d7648228944.png,Производственные площадки и АКБ,Промышленное освещение
46,Многолетние поставки для нужд АО «Великолукский опытный машиностроительный завод»,https://ladzavod.ru/portfolio/proizvodstvennye-ploshchadki-i-akb/mnogoletnie-postavki-dlya-nuzhd-ao-velikolukskij-opytnyj-mashinostroitelnyj-zavod,https://ladzavod.ru/storage/app/uploads/public/67a/dc8/07e/67adc807ebeb9982921369.png,Производственные площадки и АКБ,Промышленное освещение
47,Освещение Белорусская АЭС,https://ladzavod.ru/portfolio/proizvodstvennye-ploshchadki-i-akb/osveshchenie-belorusskaya-aes,https://ladzavod.ru/storage/app/uploads/public/67a/dc8/1bb/67adc81bb52b3827784204.png,Производственные площадки и АКБ,Промышленное освещение
48,Высокомощное осветительное оборудование для нужд АО «ЕВРАЗ Нижнетагильский металлургический комбинат» (АО «ЕВРАЗ НТМК»),https://ladzavod.ru/portfolio/proizvodstvennye-ploshchadki-i-akb/vysokomoshchnoe-osvetitelnoe-oborudovanie-dlya-nuzhd-ao-evraz-nizhnetagilskij-metallurgicheskij-kombinat-ao-evraz-ntmk,https://ladzavod.ru/storage/app/uploads/public/67a/dc8/35b/67adc835b051f086352678.png,Производственные площадки и АКБ,Промышленное освещение
49,Освещение Тюменской ТЭЦ-1,https://ladzavod.ru/portfolio/proizvodstvennye-ploshchadki-i-akb/osveshchenie-tyumenskoj-tec-1,https://ladzavod.ru/storage/app/uploads/public/67a/dc8/466/67adc8466dffb969380303.png,Производственные площадки и АКБ,Промышленное освещение
50,Освещение Челябинской ТЭЦ-3,https://ladzavod.ru/portfolio/proizvodstvennye-ploshchadki-i-akb/osveshchenie-chelyabinskoj-tec-3,https://ladzavod.ru/storage/app/uploads/public/67a/dc8/579/67adc8579b490409926660.png,Производственные площадки и АКБ,Промышленное освещение
51,Освещение Аргаяшской ТЭЦ,https://ladzavod.ru/portfolio/proizvodstvennye-ploshchadki-i-akb/osveshchenie-argayashskoj-tec,https://ladzavod.ru/storage/app/uploads/public/67a/dc8/6e7/67adc86e721c0167479095.png,Производственные площадки и АКБ,Промышленное освещение
52,Освещение производственных площадей ОАО «Кирскабель»,https://ladzavod.ru/portfolio/proizvodstvennye-ploshchadki-i-akb/osveshchenie-proizvodstvennyh-ploshchadej-oao-kirskabel,https://ladzavod.ru/storage/app/uploads/public/67a/dc8/7ea/67adc87ea8aac857746006.png,Производственные площадки и АКБ,Промышленное освещение
53,Модернизация освещения Балаковской АЭС,https://ladzavod.ru/portfolio/proizvodstvennye-ploshchadki-i-akb/modernizaciya-osveshcheniya-balakovskoj-aes,https://ladzavod.ru/storage/app/uploads/public/67a/dc8/940/67adc8940e603419496853.png,Производственные площадки и АКБ,Промышленное освещение
54,Освещение ОАО «Лужский абразивный завод»,https://ladzavod.ru/portfolio/proizvodstvennye-ploshchadki-i-akb/osveshchenie-oao-luzhskij-abrazivnyj-zavod,https://ladzavod.ru/storage/app/uploads/public/67a/dc8/abb/67adc8abb1f59213361935.png,Производственные площадки и АКБ,Промышленное освещение
55,Освещение маслоэкстракционного завода ООО «Чишминское»,https://ladzavod.ru/portfolio/proizvodstvennye-ploshchadki-i-akb/osveshchenie-masloekstrakcionnogo-zavoda-ooo-chishminskoe,https://ladzavod.ru/storage/app/uploads/public/67a/dc8/c0b/67adc8c0b83cd475400760.png,Производственные площадки и АКБ,Промышленное освещение
56,Освещение производственных площадей АО «Борский трубный завод»,https://ladzavod.ru/portfolio/proizvodstvennye-ploshchadki-i-akb/osveshchenie-proizvodstvennyh-ploshchadej-ao-borskij-trubnyj-zavod,https://ladzavod.ru/storage/app/uploads/public/67a/dc8/d67/67adc8d67a588781384936.png,Производственные площадки и АКБ,Промышленное освещение
57,Освещение элеватора маслоэкстракционного завода ООО «Элеватор»,https://ladzavod.ru/portfolio/proizvodstvennye-ploshchadki-i-akb/osveshchenie-elevatora-masloekstrakcionnogo-zavoda-ooo-elevator,https://ladzavod.ru/storage/app/uploads/public/67a/dc8/ebe/67adc8ebe0551482620976.png,Производственные площадки и АКБ,Промышленное освещение
58,Освещение производственных площадей ОАО «Завод №9 Артиллерийский»,https://ladzavod.ru/portfolio/proizvodstvennye-ploshchadki-i-akb/osveshchenie-proizvodstvennyh-ploshchadej-oao-zavod-9-artillerijskij,https://ladzavod.ru/storage/app/uploads/public/67a/dc9/002/67adc900252a6238536407.png,Производственные площадки и АКБ,Промышленное освещение
59,Освещение производственных площадей и прилегающей территории ЗАО «Шадринский автоагрегатный завод»,https://ladzavod.ru/portfolio/proizvodstvennye-ploshchadki-i-akb/osveshchenie-proizvodstvennyh-ploshchadej-i-prilegayushchej-territorii-zao-shadrinskij-avtoagregatnyj-zavod,https://ladzavod.ru/storage/app/uploads/public/67a/dc9/176/67adc9176cde2500518426.png,Производственные площадки и АКБ,Промышленное освещение
60,Освещение производственных помещений АО «Волжский трубный завод»,https://ladzavod.ru/portfolio/proizvodstvennye-ploshchadki-i-akb/osveshchenie-proizvodstvennyh-pomeshchenij-ao-volzhskij-trubnyj-zavod,https://ladzavod.ru/storage/app/uploads/public/67a/dc9/2a1/67adc92a1acdd698894974.png,Производственные площадки и АКБ,Промышленное освещение
61,Освещение центральной обогатительной фабрики (ЦОФ) ООО «РАСПАДСКАЯ УГОЛЬНАЯ КОМПАНИЯ»,https://ladzavod.ru/portfolio/proizvodstvennye-ploshchadki-i-akb/osveshchenie-centralnoj-obogatitelnoj-fabriki-cof-ooo-raspadskaya-ugolnaya-kompaniya,https://ladzavod.ru/storage/app/uploads/public/67a/dc9/3f5/67adc93f5c3a7502022540.png,Производственные площадки и АКБ,Промышленное освещение
62,Освещение строящегося мусоросортировочного комплекса,https://ladzavod.ru/portfolio/proizvodstvennye-ploshchadki-i-akb/osveshchenie-stroyashchegosya-musorosortirovochnogo-kompleksa,https://ladzavod.ru/storage/app/uploads/public/67a/dc9/4fd/67adc94fd2730779038680.png,Производственные площадки и АКБ,Промышленное освещение
63,Освещение улиц города Чапаевск,https://ladzavod.ru/portfolio/proizvodstvennye-ploshchadki-i-akb/osveshchenie-ulic-goroda-chapaevsk,https://ladzavod.ru/storage/app/uploads/public/67a/dc9/629/67adc96293a47203350339.png,Производственные площадки и АКБ,Промышленное освещение
64,Освещение электросталеплавильного цеха ОАО «Оскольский электрометаллургический комбинат»,https://ladzavod.ru/portfolio/proizvodstvennye-ploshchadki-i-akb/osveshchenie-elektrostaleplavilnogo-ceha-oao-oskolskij-elektrometallurgicheskij-kombinat,https://ladzavod.ru/storage/app/uploads/public/67a/dc9/8e2/67adc98e2a8e9730183330.png,Производственные площадки и АКБ,Промышленное освещение
65,Перевооружение нагревательных печей №1 и №2 ПАО «Северсталь»,https://ladzavod.ru/portfolio/proizvodstvennye-ploshchadki-i-akb/perevooruzhenie-nagrevatelnyh-pechej-1-i-2-pao-severstal,https://ladzavod.ru/storage/app/uploads/public/67a/dc9/a58/67adc9a584e23090632320.png,Производственные площадки и АКБ,Промышленное освещение
66,Освещение производственных площадей объекта «Катерпиллар Тосно»,https://ladzavod.ru/portfolio/proizvodstvennye-ploshchadki-i-akb/osveshchenie-proizvodstvennyh-ploshchadej-obekta-katerpillar-tosno,https://ladzavod.ru/storage/app/uploads/public/67a/dc9/bd5/67adc9bd55cec612922311.png,Производственные площадки и АКБ,Промышленное освещение
67,Освещение цеха №64 АО «Кировский шинный завод» (PIRELLI),https://ladzavod.ru/portfolio/proizvodstvennye-ploshchadki-i-akb/osveshchenie-ceha-64-ao-kirovskij-shinnyj-zavod-pirelli,https://ladzavod.ru/storage/app/uploads/public/67a/dc9/d19/67adc9d195dac107774277.png,Производственные площадки и АКБ,Промышленное освещение
68,Освещение производственных помещений ЗАО «Белорецкого завода рессор и пружин»,https://ladzavod.ru/portfolio/proizvodstvennye-ploshchadki-i-akb/osveshchenie-proizvodstvennyh-pomeshchenij-zao-beloreckogo-zavoda-ressor-i-pruzhin,https://ladzavod.ru/storage/app/uploads/public/67a/dc9/e60/67adc9e60a5d2812788996.png,Производственные площадки и АКБ,Промышленное освещение
69,"Освещение здания цеха №9, №8 ООО «Объединение «Союзпищепром»",https://ladzavod.ru/portfolio/proizvodstvennye-ploshchadki-i-akb/osveshchenie-zdaniya-ceha-9-8-ooo-obedinenie-soyuzpishcheprom,https://ladzavod.ru/storage/app/uploads/public/67a/dca/00a/67adca00af80f687371480.png,Производственные площадки и АКБ,Промышленное освещение
70,Замена освещения на участке 1-го поста Литейный цех №2 ООО «Алтай-вагон»,https://ladzavod.ru/portfolio/proizvodstvennye-ploshchadki-i-akb/zamena-osveshcheniya-na-uchastke-1-go-posta-litejnyj-ceh-2-ooo-altaj-vagon,https://ladzavod.ru/storage/app/uploads/public/67a/dca/197/67adca197b3ef019256716.png,Производственные площадки и АКБ,Промышленное освещение
71,Освещение цеха сыпучих материалов и теплового цеха ООО «Дюккерхофф Коркино Цемент»,https://ladzavod.ru/portfolio/proizvodstvennye-ploshchadki-i-akb/osveshchenie-ceha-sypuchih-materialov-i-teplovogo-ceha-ooo-dyukkerhoff-korkino-cement,https://ladzavod.ru/storage/app/uploads/public/67a/dca/2ec/67adca2ecc0a1472601957.png,Производственные площадки и АКБ,Промышленное освещение
72,Освещение цеха окраски АО АЗ «Урал»,https://ladzavod.ru/portfolio/proizvodstvennye-ploshchadki-i-akb/osveshchenie-ceha-okraski-ao-az-ural,https://ladzavod.ru/storage/app/uploads/public/67a/dca/441/67adca441fddc651578688.png,Производственные площадки и АКБ,Промышленное освещение
73,Замена производственного освещения ЗАО «Интернешнл Пейпер»,https://ladzavod.ru/portfolio/proizvodstvennye-ploshchadki-i-akb/zamena-proizvodstvennogo-osveshcheniya-zao-interneshnl-pejper,https://ladzavod.ru/storage/app/uploads/public/67a/dca/583/67adca583a46d755857357.png,Производственные площадки и АКБ,Промышленное освещение
74,Освещение помещений производственного корпуса ООО «ИЗОВОЛ АГРО»,https://ladzavod.ru/portfolio/proizvodstvennye-ploshchadki-i-akb/osveshchenie-pomeshchenij-proizvodstvennogo-korpusa-ooo-izovol-agro,https://ladzavod.ru/storage/app/uploads/public/67a/dca/6cf/67adca6cf1898084332690.png,Производственные площадки и АКБ,Промышленное освещение
75,Освещение цехов ООО «Камский Кабель»,https://ladzavod.ru/portfolio/proizvodstvennye-ploshchadki-i-akb/osveshchenie-cehov-ooo-kamskij-kabel,https://ladzavod.ru/storage/app/uploads/public/67a/dca/804/67adca80482f1378559363.png,Производственные площадки и АКБ,Промышленное освещение
76,Освещение цеха вулканизации ООО «Континентал Калуга»,https://ladzavod.ru/portfolio/proizvodstvennye-ploshchadki-i-akb/osveshchenie-ceha-vulkanizacii-ooo-kontinental-kaluga,https://ladzavod.ru/storage/app/uploads/public/67a/dca/960/67adca96012fe971257085.png,Производственные площадки и АКБ,Промышленное освещение
77,Освещение территории маслоэкстракционного завода ГК «ЭФКО»,https://ladzavod.ru/portfolio/proizvodstvennye-ploshchadki-i-akb/osveshchenie-territorii-masloekstrakcionnogo-zavoda-gk-efko,https://ladzavod.ru/storage/app/uploads/public/67a/dca/aa8/67adcaaa8653b916483867.png,Производственные площадки и АКБ,Промышленное освещение
78,Модернизация освещения цехов АО «ГалоПолимер»,https://ladzavod.ru/portfolio/proizvodstvennye-ploshchadki-i-akb/modernizaciya-osveshcheniya-cehov-ao-galopolimer,https://ladzavod.ru/storage/app/uploads/public/67a/dca/c3d/67adcac3d760a523818318.png,Производственные площадки и АКБ,Промышленное освещение
79,"Освещение производственных площадей, АО «Архангельский целлюлозно-бумажный комбинат»",https://ladzavod.ru/portfolio/proizvodstvennye-ploshchadki-i-akb/osveshchenie-proizvodstvennyh-ploshchadej-ao-arhangelskij-cellyulozno-bumazhnyj-kombinat,https://ladzavod.ru/storage/app/uploads/public/67a/dca/d8a/67adcad8ac182149538812.png,Производственные площадки и АКБ,Промышленное освещение
80,Освещение сборочного цеха ООО «ТД «Курганские прицепы»,https://ladzavod.ru/portfolio/proizvodstvennye-ploshchadki-i-akb/osveshchenie-sborochnogo-ceha-ooo-td-kurganskie-pricepy,https://ladzavod.ru/storage/app/uploads/public/67a/dca/eca/67adcaeca3162228534903.png,Производственные площадки и АКБ,Промышленное освещение
81,Освещение базы по переработке металлолома ООО «Новоросметалл»,https://ladzavod.ru/portfolio/proizvodstvennye-ploshchadki-i-akb/osveshchenie-bazy-po-pererabotke-metalloloma-ooo-novorosmetall,https://ladzavod.ru/storage/app/uploads/public/67a/dcb/085/67adcb085dea7364932358.png,Производственные площадки и АКБ,Промышленное освещение
82,Модернизация освещения цеха №82 АО «ОЗНА – Измерительные системы»,https://ladzavod.ru/portfolio/proizvodstvennye-ploshchadki-i-akb/modernizaciya-osveshcheniya-ceha-82-ao-ozna-izmeritelnye-sistemy,https://ladzavod.ru/storage/app/uploads/public/67a/dcb/213/67adcb213227d979903097.png,Производственные площадки и АКБ,Промышленное освещение
83,Строительство цеха гидрометаллургической переработки жаропрочных сплавов ООО «Молирен»,https://ladzavod.ru/portfolio/proizvodstvennye-ploshchadki-i-akb/stroitelstvo-ceha-gidrometallurgicheskoj-pererabotki-zharoprochnyh-splavov-ooo-moliren,https://ladzavod.ru/storage/app/uploads/public/67a/dcb/393/67adcb3934d33134359836.png,Производственные площадки и АКБ,Промышленное освещение
84,Модернизация и освещение строящихся забойных цехов и зданий новых птичников АО «Птицефабрика «Северная»,https://ladzavod.ru/portfolio/proizvodstvennye-ploshchadki-i-akb/modernizaciya-i-osveshchenie-stroyashchihsya-zabojnyh-cehov-i-zdanij-novyh-ptichnikov-ao-pticefabrika-severnaya,https://ladzavod.ru/storage/app/uploads/public/67a/dcb/503/67adcb50304ae126297261.png,Производственные площадки и АКБ,Промышленное освещение
85,Освещение строящегося цеха и АБК ПАО «УралХимПласт»,https://ladzavod.ru/portfolio/proizvodstvennye-ploshchadki-i-akb/osveshchenie-stroyashchegosya-ceha-i-abk-pao-uralhimplast,https://ladzavod.ru/storage/app/uploads/public/67a/dcb/680/67adcb68079ed800182194.png,Производственные площадки и АКБ,Промышленное освещение
86,Замена освещения высокотемпературных цехов ООО «Медногорский медно-серный комбинат» (ООО «УГМК- Холдинг»),https://ladzavod.ru/portfolio/proizvodstvennye-ploshchadki-i-akb/zamena-osveshcheniya-vysokotemperaturnyh-cehov-ooo-mednogorskij-medno-sernyj-kombinat-ooo-ugmk-holding,https://ladzavod.ru/storage/app/uploads/public/67a/dcb/860/67adcb8600e07229092620.png,Производственные площадки и АКБ,Промышленное освещение
87,Освещение цеха АО НПК «УралВагонЗавод»,https://ladzavod.ru/portfolio/proizvodstvennye-ploshchadki-i-akb/osveshchenie-ceha-ao-npk-uralvagonzavod,https://ladzavod.ru/storage/app/uploads/public/67a/dcb/96b/67adcb96bebc2547120841.png,Производственные площадки и АКБ,Промышленное освещение
88,Модернизация освещения МУП «Водоканал»,https://ladzavod.ru/portfolio/proizvodstvennye-ploshchadki-i-akb/modernizaciya-osveshcheniya-mup-vodokanal,https://ladzavod.ru/storage/app/uploads/public/67a/dcb/a67/67adcba67aca2969132438.png,Производственные площадки и АКБ,Промышленное освещение
89,Освещение шахты «Магнезитовая» ПАО компания «Магнезит»,https://ladzavod.ru/portfolio/proizvodstvennye-ploshchadki-i-akb/osveshchenie-shahty-magnezitovaya-pao-kompaniya-magnezit,https://ladzavod.ru/storage/app/uploads/public/67a/dcb/bc8/67adcbbc8845d146383420.png,Производственные площадки и АКБ,Промышленное освещение
90,Освещение новой технологической линии производства ООО «Красноярский цемент»,https://ladzavod.ru/portfolio/proizvodstvennye-ploshchadki-i-akb/osveshchenie-novoj-tehnologicheskoj-linii-proizvodstva-ooo-krasnoyarskij-cement,https://ladzavod.ru/storage/app/uploads/public/67a/dcb/d18/67adcbd188327493999860.png,Производственные площадки и АКБ,Промышленное освещение
91,Освещение новой территории предприятия ЗАО «Омский завод инновационных технологий»,https://ladzavod.ru/portfolio/proizvodstvennye-ploshchadki-i-akb/osveshchenie-novoj-territorii-predpriyatiya-zao-omskij-zavod-innovacionnyh-tehnologij,https://ladzavod.ru/storage/app/uploads/public/67a/dcb/eca/67adcbeca97b3837625963.png,Производственные площадки и АКБ,Промышленное освещение
92,Освещение производственных площадей ОАО «Тверской вагоностроительный завод»,https://ladzavod.ru/portfolio/proizvodstvennye-ploshchadki-i-akb/osveshchenie-proizvodstvennyh-ploshchadej-oao-tverskoj-vagonostroitelnyj-zavod,https://ladzavod.ru/storage/app/uploads/public/67a/dcb/fee/67adcbfee6096599177310.png,Производственные площадки и АКБ,Промышленное освещение
93,Освещение АО «Себряковцемент»,https://ladzavod.ru/portfolio/proizvodstvennye-ploshchadki-i-akb/osveshchenie-ao-sebryakovcement,https://ladzavod.ru/storage/app/uploads/public/67a/dcc/0f9/67adcc0f9de78497794649.png,Производственные площадки и АКБ,Промышленное освещение
94,Капительный ремонт цеха по производству ПВХ и алюминиевых конструкций ООО ТД «Электрощит Оренбург»,https://ladzavod.ru/portfolio/proizvodstvennye-ploshchadki-i-akb/kapitelnyj-remont-ceha-po-proizvodstvu-pvh-i-alyuminievyh-konstrukcij-ooo-td-elektroshchit-orenburg,https://ladzavod.ru/storage/app/uploads/public/67a/dcc/218/67adcc2188cc2570034898.png,Производственные площадки и АКБ,Промышленное освещение
95,Освещение участка химводоочистки АО «РУСАЛ Урал»,https://ladzavod.ru/portfolio/proizvodstvennye-ploshchadki-i-akb/osveshchenie-uchastka-himvodoochistki-ao-rusal-ural,https://ladzavod.ru/storage/app/uploads/public/67a/dcc/3b6/67adcc3b66627756389500.png,Производственные площадки и АКБ,Промышленное освещение
96,Реконструкция промышленного освещения ПАО «Уралкалий»,https://ladzavod.ru/portfolio/proizvodstvennye-ploshchadki-i-akb/rekonstrukciya-promyshlennogo-osveshcheniya-pao-uralkalij,https://ladzavod.ru/storage/app/uploads/public/67a/dcc/4e6/67adcc4e614eb756177454.png,Производственные площадки и АКБ,Промышленное освещение
97,"Реконструкция освещения завода IKEA, ООО «ИКЕА Индастри Вятка»",https://ladzavod.ru/portfolio/proizvodstvennye-ploshchadki-i-akb/rekonstrukciya-osveshcheniya-zavoda-ikea-ooo-ikea-indastri-vyatka,https://ladzavod.ru/storage/app/uploads/public/67a/dcc/625/67adcc6257da4814271429.png,Производственные площадки и АКБ,Промышленное освещение
98,"Реконструкция Ново-Учалинского подземного рудника, АО «УЧАЛИНСКИЙ ГОК»",https://ladzavod.ru/portfolio/proizvodstvennye-ploshchadki-i-akb/rekonstrukciya-novo-uchalinskogo-podzemnogo-rudnika-ao-uchalinskij-gok,https://ladzavod.ru/storage/app/uploads/public/67a/dcc/748/67adcc748ce50826245901.png,Производственные площадки и АКБ,Промышленное освещение
99,Дежурное освещение чистых зон производства ООО «Кока-кола ЭйчБиСи Евразия»,https://ladzavod.ru/portfolio/proizvodstvennye-ploshchadki-i-akb/dezhurnoe-osveshchenie-chistyh-zon-proizvodstva-ooo-koka-kola-ejchbisi-evraziya,https://ladzavod.ru/storage/app/uploads/public/67a/dcc/882/67adcc8825b9a320544617.png,Производственные площадки и АКБ,Промышленное освещение
100,"Модернизация освещения АО «Уралэлектромедь», г. Верхняя Пышма",https://ladzavod.ru/portfolio/proizvodstvennye-ploshchadki-i-akb/modernizaciya-osveshcheniya-ao-uralelektromed-g-verhnyaya-pyshma,https://ladzavod.ru/storage/app/uploads/public/67a/dcc/9d2/67adcc9d28050242493761.png,Производственные площадки и АКБ,Промышленное освещение
101,Освещение молочного комплекса на 2200 голов,https://ladzavod.ru/portfolio/proizvodstvennye-ploshchadki-i-akb/osveshchenie-molochnogo-kompleksa-na-2200-golov,https://ladzavod.ru/storage/app/uploads/public/67a/dcc/bee/67adccbee832e248071807.png,Производственные площадки и АКБ,Промышленное освещение
102,Освещение цехов АО «360 авиационный ремонтный завод»,https://ladzavod.ru/portfolio/proizvodstvennye-ploshchadki-i-akb/osveshchenie-cehov-ao-360-aviacionnyj-remontnyj-zavod,https://ladzavod.ru/storage/app/uploads/public/67a/dcc/d1d/67adccd1d91a4796301571.png,Производственные площадки и АКБ,Промышленное освещение
103,Освещение производственных помещений и прилегающих территории ООО «Челябинский Компрессорный Завод»,https://ladzavod.ru/portfolio/proizvodstvennye-ploshchadki-i-akb/osveshchenie-proizvodstvennyh-pomeshchenij-i-prilegayushchih-territorii-ooo-chelyabinskij-kompressornyj-zavod,https://ladzavod.ru/storage/app/uploads/public/67a/dcc/e45/67adcce45f968258382477.png,Производственные площадки и АКБ,Промышленное освещение
104,Зайкинское ГЗПП (газоперерабатывающее предприятие) ПАО «Роснефть»,https://ladzavod.ru/portfolio/neftegazovyj-kompleks-i-vzryvozashchishchennoe-oborudovanie/zajkinskoe-gzpp-gazopererabatyvayushchee-predpriyatie-pao-rosneft,https://ladzavod.ru/storage/app/uploads/public/67a/dcc/ffb/67adccffb378d407301197.jpg,Нефтегазовый комплекс и взрывозащищенное оборудование,Взрывозащищенное оборудование
105,Освещение блочно-компрессорной насосной станции (БКНС-10Р). Мамонтовское месторождение,https://ladzavod.ru/portfolio/neftegazovyj-kompleks-i-vzryvozashchishchennoe-oborudovanie/osveshchenie-blochno-kompressornoj-nasosnoj-stancii-bkns-10r-mamontovskoe-mestorozhdenie,https://ladzavod.ru/storage/app/uploads/public/67a/dcd/171/67adcd1713f8b367296886.jpg,Нефтегазовый комплекс и взрывозащищенное оборудование,Взрывозащищенное оборудование
106,Обустройство Верхнесалымского месторождения. Куст скважин №700,https://ladzavod.ru/portfolio/neftegazovyj-kompleks-i-vzryvozashchishchennoe-oborudovanie/obustrojstvo-verhnesalymskogo-mestorozhdeniya-kust-skvazhin-700,https://ladzavod.ru/storage/app/uploads/public/67a/dcd/2d1/67adcd2d1875b115878375.jpg,Нефтегазовый комплекс и взрывозащищенное оборудование,Взрывозащищенное оборудование
107,"Реконструкция освещения плавильного, гальванического, производственного цехов на предприятии АО «Авиаавтоматика»",https://ladzavod.ru/portfolio/proizvodstvennye-ploshchadki-i-akb/rekonstrukciya-osveshcheniya-plavilnogo-galvanicheskogo-proizvodstvennogo-cehov-na-predpriyatii-ao-aviaavtomatika,https://ladzavod.ru/storage/app/uploads/public/67a/dcd/406/67adcd4068a71673323553.jpg,Производственные площадки и АКБ,Промышленное освещение
108,Система охранного освещения ООО «ЛУКОЙЛ-Ухтанефтепереработка»,https://ladzavod.ru/portfolio/proizvodstvennye-ploshchadki-i-akb/sistema-ohrannogo-osveshcheniya-ooo-lukojl-uhtaneftepererabotka,https://ladzavod.ru/storage/app/uploads/public/67a/dcd/55b/67adcd55baea5406818368.jpg,Производственные площадки и АКБ,Промышленное освещение
109,Освещение газопоршневой электростанции ГПЭС-3 АО «Карабашмедь»,https://ladzavod.ru/portfolio/neftegazovyj-kompleks-i-vzryvozashchishchennoe-oborudovanie/osveshchenie-gazoporshnevoj-elektrostancii-gpes-3-ao-karabashmed,https://ladzavod.ru/storage/app/uploads/public/67a/dcd/6f5/67adcd6f52754260099036.png,Нефтегазовый комплекс и взрывозащищенное оборудование,Взрывозащищенное оборудование
110,Замена вышедшего из строя оборудования на месторождении НГДУ «Быстринскнефть» ПАО «СУРГУТНЕФТЕГАЗ»,https://ladzavod.ru/portfolio/neftegazovyj-kompleks-i-vzryvozashchishchennoe-oborudovanie/zamena-vyshedshego-iz-stroya-oborudovaniya-na-mestorozhdenii-ngdu-bystrinskneft-pao-surgutneftegaz,https://ladzavod.ru/storage/app/uploads/public/67a/dcd/983/67adcd983befb148487876.png,Нефтегазовый комплекс и взрывозащищенное оборудование,Взрывозащищенное оборудование
111,"Взрывозащищенное оборудование для освещения шахты «Увальная», ООО «ОБОГАТИТЕЛЬНАЯ ФАБРИКА «ПРОКОПЬЕВСКУГОЛЬ»",https://ladzavod.ru/portfolio/neftegazovyj-kompleks-i-vzryvozashchishchennoe-oborudovanie/vzryvozashchishchennoe-oborudovanie-dlya-osveshcheniya-shahty-uvalnaya-ooo-obogatitelnaya-fabrika-prokopevskugol,https://ladzavod.ru/storage/app/uploads/public/67a/dcd/a86/67adcda86f89d092896729.png,Нефтегазовый комплекс и взрывозащищенное оборудование,Взрывозащищенное оборудование
112,"Реконструкция сетей наружного освещения склада ГСМ Нефтебазы, ООО «Норд-ойл-сервис»",https://ladzavod.ru/portfolio/neftegazovyj-kompleks-i-vzryvozashchishchennoe-oborudovanie/rekonstrukciya-setej-naruzhnogo-osveshcheniya-sklada-gsm-neftebazy-ooo-nord-ojl-servis,https://ladzavod.ru/storage/app/uploads/public/67a/dcd/b87/67adcdb878c47867367937.png,Нефтегазовый комплекс и взрывозащищенное оборудование,Взрывозащищенное оборудование
113,Инфраструктура западного Салымского месторождения ООО «Салым петролеум девелопмент»,https://ladzavod.ru/portfolio/neftegazovyj-kompleks-i-vzryvozashchishchennoe-oborudovanie/infrastruktura-zapadnogo-salymskogo-mestorozhdeniya-ooo-salym-petroleum-development,https://ladzavod.ru/storage/app/uploads/public/67a/dcd/cb3/67adcdcb3a834230623042.png,Нефтегазовый комплекс и взрывозащищенное оборудование,Взрывозащищенное оборудование
114,Цех по производству углекислоты (внутреннее и внешнее освещение) ОАО «Новомосковская акционерная компания «Азот»,https://ladzavod.ru/portfolio/neftegazovyj-kompleks-i-vzryvozashchishchennoe-oborudovanie/ceh-po-proizvodstvu-uglekisloty-vnutrennee-i-vneshnee-osveshchenie-oao-novomoskovskaya-akcionernaya-kompaniya-azot,https://ladzavod.ru/storage/app/uploads/public/67a/dce/02b/67adce02b9a6d304371430.png,Нефтегазовый комплекс и взрывозащищенное оборудование,Взрывозащищенное оборудование
115,Освещение Байтуганского месторождения ООО «БайТекс»,https://ladzavod.ru/portfolio/neftegazovyj-kompleks-i-vzryvozashchishchennoe-oborudovanie/osveshchenie-bajtuganskogo-mestorozhdeniya-ooo-bajteks,https://ladzavod.ru/storage/app/uploads/public/67a/dce/123/67adce1239043127186613.png,Нефтегазовый комплекс и взрывозащищенное оборудование,Взрывозащищенное оборудование
116,Освещение автозаправочных станций ООО ТД «Нефтьмагистраль»,https://ladzavod.ru/portfolio/proizvodstvennye-ploshchadki-i-akb/osveshchenie-avtozapravochnyh-stancij-ooo-td-neftmagistral,https://ladzavod.ru/storage/app/uploads/public/67a/dce/239/67adce23985fb046276399.png,Производственные площадки и АКБ,Промышленное освещение
117,Сеть автозаправочных станций ООО «Газпром газомоторное топливо»,https://ladzavod.ru/portfolio/neftegazovyj-kompleks-i-vzryvozashchishchennoe-oborudovanie/set-avtozapravochnyh-stancij-ooo-gazprom-gazomotornoe-toplivo,https://ladzavod.ru/storage/app/uploads/public/67a/dce/352/67adce3522a9a751868178.png,Нефтегазовый комплекс и взрывозащищенное оборудование,Взрывозащищенное оборудование
118,Освещение выездов и въездов заправок Лукойл,https://ladzavod.ru/portfolio/neftegazovyj-kompleks-i-vzryvozashchishchennoe-oborudovanie/osveshchenie-vyezdov-i-vezdov-zapravok-lukojl,https://ladzavod.ru/storage/app/uploads/public/67a/dce/4b4/67adce4b4e26d059684347.png,Нефтегазовый комплекс и взрывозащищенное оборудование,Взрывозащищенное оборудование
119,Внутреннее и наружное освещение ООО «Газпром добыча Уренгой»,https://ladzavod.ru/portfolio/proizvodstvennye-ploshchadki-i-akb/vnutrennee-i-naruzhnoe-osveshchenie-ooo-gazprom-dobycha-urengoj,https://ladzavod.ru/storage/app/uploads/public/67a/dce/5d6/67adce5d6caa9743232703.png,Производственные площадки и АКБ,Промышленное освещение
120,Освещение строящегося многофункциональ- ного дорожного сервиса и торгового центра-ресторана быстрого питания АЗС ПАО «Газпром нефть»,https://ladzavod.ru/portfolio/neftegazovyj-kompleks-i-vzryvozashchishchennoe-oborudovanie/osveshchenie-stroyashchegosya-mnogofunkcional-nogo-dorozhnogo-servisa-i-torgovogo-centra-restorana-bystrogo-pitaniya-azs-pao-gazprom-neft,https://ladzavod.ru/storage/app/uploads/public/67a/dce/785/67adce785341d422308937.png,Нефтегазовый комплекс и взрывозащищенное оборудование,Взрывозащищенное оборудование
121,"Наружное освещение «Нижнеудинской нефтеперекачивающей станции», ООО «Транснефть — Восток»",https://ladzavod.ru/portfolio/proizvodstvennye-ploshchadki-i-akb/naruzhnoe-osveshchenie-nizhneudinskoj-nefteperekachivayushchej-stancii-ooo-transneft-vostok,https://ladzavod.ru/storage/app/uploads/public/67a/dce/8c8/67adce8c8a2e8915861222.png,Производственные площадки и АКБ,Промышленное освещение
122,"Ремонт сетей освещения береговой линии наружное мачтовое освещение жилого вахтового городка, центральной проходной и градирни. АО «ГАЗПРОМНЕФТЬ- ЭНЕРГОСЕРВИС»Освещение парковки ТРК «Сити Молл»",https://ladzavod.ru/portfolio/neftegazovyj-kompleks-i-vzryvozashchishchennoe-oborudovanie/remont-setej-osveshcheniya-beregovoj-linii-naruzhnoe-machtovoe-osveshchenie-zhilogo-vahtovogo-gorodka-centralnoj-prohodnoj-i-gradirni-ao-gazpromneft-energoservisosveshchenie-parkovki-trk-siti-moll,https://ladzavod.ru/storage/app/uploads/public/67a/dce/a44/67adcea4429f5104888879.png,Нефтегазовый комплекс и взрывозащищенное оборудование,Взрывозащищенное оборудование
123,"Взрывозащищенное оборудование для цехов по производству керамических расклинивателей нефтяных скважин-пропантов, ООО «Форэс»",https://ladzavod.ru/portfolio/proizvodstvennye-ploshchadki-i-akb/vzryvozashchishchennoe-oborudovanie-dlya-cehov-po-proizvodstvu-keramicheskih-rasklinivatelej-neftyanyh-skvazhin-propantov-ooo-fores,https://ladzavod.ru/storage/app/uploads/public/67a/dce/b8c/67adceb8cf6a8401710157.png,Производственные площадки и АКБ,Промышленное освещение
124,Взрывозащищенное светодиодное оборудование для реконструкции промышленного корпуса №153 АОПО «Стрела»,https://ladzavod.ru/portfolio/proizvodstvennye-ploshchadki-i-akb/vzryvozashchishchennoe-svetodiodnoe-oborudovanie-dlya-rekonstrukcii-promyshlennogo-korpusa-153-aopo-strela,https://ladzavod.ru/storage/app/uploads/public/67a/dce/c57/67adcec57dc76905809712.png,Производственные площадки и АКБ,Промышленное освещение
125,Освещение нефтебазы №5 ООО «ЛУКОЙЛ- Нижневолжскнефтепродукт»,https://ladzavod.ru/portfolio/neftegazovyj-kompleks-i-vzryvozashchishchennoe-oborudovanie/osveshchenie-neftebazy-5-ooo-lukojl-nizhnevolzhsknefteprodukt,https://ladzavod.ru/storage/app/uploads/public/67a/dce/dce/67adcedce6b6f388942218.png,Нефтегазовый комплекс и взрывозащищенное оборудование,Взрывозащищенное оборудование
126,Склад кормов для молочно-товарного комплекса ООО «Румелко-Агро»,https://ladzavod.ru/portfolio/osveshchenie-skladskih-prostranstv/sklad-kormov-dlya-molochno-tovarnogo-kompleksa-ooo-rumelko-agro,https://ladzavod.ru/storage/app/uploads/public/67a/dcf/0c5/67adcf0c5ea19711195723.png,Освещение складских пространств,Складские помещения
127,Наружные сети электроснабжения автоматизированного складского комплекса для хранения мороженой рыбопродукции и морепродуктов,https://ladzavod.ru/portfolio/osveshchenie-skladskih-prostranstv/naruzhnye-seti-elektrosnabzheniya-avtomatizirovannogo-skladskogo-kompleksa-dlya-hraneniya-morozhenoj-ryboprodukcii-i-moreproduktov,https://ladzavod.ru/storage/app/uploads/public/67a/dcf/1fa/67adcf1fa4f75247750150.jpg,Освещение складских пространств,Складские помещения
128,Высокомощные светильники для строящегося терминально-логистического центра «Белый Раст»,https://ladzavod.ru/portfolio/osveshchenie-skladskih-prostranstv/vysokomoshchnye-svetilniki-dlya-stroyashchegosya-terminalno-logisticheskogo-centra-belyj-rast,https://ladzavod.ru/storage/app/uploads/public/67a/dcf/38c/67adcf38c6a98226275081.png,Освещение складских пространств,Складские помещения
129,"ООО «Фабрика Уральские пельмени», освещение складов",https://ladzavod.ru/portfolio/osveshchenie-skladskih-prostranstv/ooo-fabrika-uralskie-pelmeni-osveshchenie-skladov,https://ladzavod.ru/storage/app/uploads/public/67a/dcf/4ee/67adcf4ee4562282772310.png,Освещение складских пространств,Складские помещения
130,Освещение распределительного центра X5 Retail Group,https://ladzavod.ru/portfolio/osveshchenie-skladskih-prostranstv/osveshchenie-raspredelitelnogo-centra-x5-retail-group,https://ladzavod.ru/storage/app/uploads/public/67a/dcf/5fd/67adcf5fdfa2e299607961.png,Освещение складских пространств,Складские помещения
131,Освещение промышленных складов категории «А» ООО «СТ-Сторум»,https://ladzavod.ru/portfolio/osveshchenie-skladskih-prostranstv/osveshchenie-promyshlennyh-skladov-kategorii-a-ooo-st-storum,https://ladzavod.ru/storage/app/uploads/public/67a/dcf/7c6/67adcf7c6f97e266437398.png,Освещение складских пространств,Складские помещения
132,"Освещение строящегося логистического центра межрегионального торгово-оптового рынка, ООО «Панорама»",https://ladzavod.ru/portfolio/osveshchenie-skladskih-prostranstv/osveshchenie-stroyashchegosya-logisticheskogo-centra-mezhregionalnogo-torgovo-optovogo-rynka-ooo-panorama,https://ladzavod.ru/storage/app/uploads/public/67a/dcf/924/67adcf9240a75132471684.png,Освещение складских пространств,Складские помещения
133,Освещение территории международного багажного склада ОАО «Аэропорт Ростов-на-Дону»,https://ladzavod.ru/portfolio/proizvodstvennye-ploshchadki-i-akb/osveshchenie-territorii-mezhdunarodnogo-bagazhnogo-sklada-oao-aeroport-rostov-na-donu,https://ladzavod.ru/storage/app/uploads/public/67a/dcf/c8c/67adcfc8c1d4a198021586.png,Производственные площадки и АКБ,Промышленное освещение
134,Освещение склада готовой продукции АО Обувная фирма «Юничел»,https://ladzavod.ru/portfolio/osveshchenie-skladskih-prostranstv/osveshchenie-sklada-gotovoj-produkcii-ao-obuvnaya-firma-yunichel,https://ladzavod.ru/storage/app/uploads/public/67a/dcf/d96/67adcfd96f393154809367.png,Освещение складских пространств,Складские помещения
135,Освещение сборочно-складских помещений «А Плюс Парк Алабуга»,https://ladzavod.ru/portfolio/osveshchenie-skladskih-prostranstv/osveshchenie-sborochno-skladskih-pomeshchenij-a-plyus-park-alabuga,https://ladzavod.ru/storage/app/uploads/public/67a/dcf/f0c/67adcff0c6b2f431629432.png,Освещение складских пространств,Складские помещения
136,Освещение склада ООО «Алексеевский соевый комбинат» (ГК «ЭФКО»),https://ladzavod.ru/portfolio/osveshchenie-skladskih-prostranstv/osveshchenie-sklada-ooo-alekseevskij-soevyj-kombinat-gk-efko,https://ladzavod.ru/storage/app/uploads/public/67a/dd0/037/67add00377e90578464806.png,Освещение складских пространств,Складские помещения
137,Освещение склада хранения фруктов ООО «Воронежская фруктовая компания»,https://ladzavod.ru/portfolio/osveshchenie-skladskih-prostranstv/osveshchenie-sklada-hraneniya-fruktov-ooo-voronezhskaya-fruktovaya-kompaniya,https://ladzavod.ru/storage/app/uploads/public/67a/dd0/145/67add0145fc87047244850.png,Освещение складских пространств,Складские помещения
138,Освещение новых складов производства полимерных труб ООО «РосТурПласт»,https://ladzavod.ru/portfolio/osveshchenie-skladskih-prostranstv/osveshchenie-novyh-skladov-proizvodstva-polimernyh-trub-ooo-rosturplast,https://ladzavod.ru/storage/app/uploads/public/67a/dd0/2c2/67add02c292fb209714519.png,Освещение складских пространств,Складские помещения
139,Освещение крытого склада ФГКУ Комбинат «Красная Новь» Росрезерва,https://ladzavod.ru/portfolio/osveshchenie-skladskih-prostranstv/osveshchenie-krytogo-sklada-fgku-kombinat-krasnaya-nov-rosrezerva,https://ladzavod.ru/storage/app/uploads/public/67a/dd0/41b/67add041b7b7a493843063.png,Освещение складских пространств,Складские помещения
140,Освещение улиц города Волноваха,https://ladzavod.ru/portfolio/ulichnoe-i-dorozhnoe-osveshchenie/osveshchenie-ulic-goroda-volnovaha,https://ladzavod.ru/storage/app/uploads/public/67a/dd0/775/67add0775b47b756898552.jpg,Уличное и дорожное освещение,"Наружное, уличное и дорожное освещение"
141,Освещение автодороги к школе №16 по ул. Красная Горнячка. ООО «Главное строительное управление»,https://ladzavod.ru/portfolio/ulichnoe-i-dorozhnoe-osveshchenie/osveshchenie-avtodorogi-k-shkole-16-po-ul-krasnaya-gornyachka-ooo-glavnoe-stroitelnoe-upravlenie,https://ladzavod.ru/storage/app/uploads/public/67a/dd0/89e/67add089ea57d985629284.jpg,Уличное и дорожное освещение,"Наружное, уличное и дорожное освещение"
142,"Капитальный ремонт автодороги на территории Карабашского городского округа Челябинской области (ул. Пархоменко, ул. Ремесленная, автодорога Первомайская)",https://ladzavod.ru/portfolio/ulichnoe-i-dorozhnoe-osveshchenie/kapitalnyj-remont-avtodorogi-na-territorii-karabashskogo-gorodskogo-okruga-chelyabinskoj-oblasti-ul-parhomenko-ul-remeslennaya-avtodoroga-pervomajskaya,https://ladzavod.ru/storage/app/uploads/public/67a/dd0/9ac/67add09acf2e9663873513.jpg,Уличное и дорожное освещение,"Наружное, уличное и дорожное освещение"
143,"Освещение автодороги квартал Северный, Администрация города Салехарда",https://ladzavod.ru/portfolio/ulichnoe-i-dorozhnoe-osveshchenie/osveshchenie-avtodorogi-kvartal-severnyj-administraciya-goroda-saleharda,https://ladzavod.ru/storage/app/uploads/public/67a/dd0/a9d/67add0a9d7d21894007492.jpg,Уличное и дорожное освещение,"Наружное, уличное и дорожное освещение"
144,"Освещение путепроводов, для обеспечения транспортной безопасности на автодороге Екатеринбург-Аэропорт «Кольцово»",https://ladzavod.ru/portfolio/ulichnoe-i-dorozhnoe-osveshchenie/osveshchenie-puteprovodov-dlya-obespecheniya-transportnoj-bezopasnosti-na-avtodoroge-ekaterinburg-aeroport-kolcovo,https://ladzavod.ru/storage/app/uploads/public/67a/dd0/bda/67add0bda2e38048784347.jpg,Уличное и дорожное освещение,"Наружное, уличное и дорожное освещение"
145,Устройство освещения на улично-дорожной сети города,https://ladzavod.ru/portfolio/ulichnoe-i-dorozhnoe-osveshchenie/ustrojstvo-osveshcheniya-na-ulichno-dorozhnoj-seti-goroda,https://ladzavod.ru/storage/app/uploads/public/67a/dd0/cf8/67add0cf8e166571994855.png,Уличное и дорожное освещение,"Наружное, уличное и дорожное освещение"
146,Уличное освещение,https://ladzavod.ru/portfolio/proizvodstvennye-ploshchadki-i-akb/ulichnoe-osveshchenie,https://ladzavod.ru/storage/app/uploads/public/67a/dd0/e30/67add0e30c05f845927482.png,Производственные площадки и АКБ,Промышленное освещение
147,Уличное освещение строящегося жилого района «Гороховое поле»,https://ladzavod.ru/portfolio/ulichnoe-i-dorozhnoe-osveshchenie/ulichnoe-osveshchenie-stroyashchegosya-zhilogo-rajona-gorohovoe-pole,https://ladzavod.ru/storage/app/uploads/public/67a/dd0/f7b/67add0f7bb071286974549.png,Уличное и дорожное освещение,"Наружное, уличное и дорожное освещение"
148,Автомобильная дорога «Ляпино – Прусово» км 7+740 – км 8+468,https://ladzavod.ru/portfolio/ulichnoe-i-dorozhnoe-osveshchenie/avtomobilnaya-doroga-lyapino-prusovo-km-7740-km-8468,https://ladzavod.ru/storage/app/uploads/public/67a/dd1/0a7/67add10a7c51b526562676.png,Уличное и дорожное освещение,"Наружное, уличное и дорожное освещение"
149,Освещение тоннелей метрополитена депо «Лихоборы»,https://ladzavod.ru/portfolio/ulichnoe-i-dorozhnoe-osveshchenie/osveshchenie-tonnelej-metropolitena-depo-lihobory,https://ladzavod.ru/storage/app/uploads/public/67a/dd1/24e/67add124e25e7222480329.png,Уличное и дорожное освещение,"Наружное, уличное и дорожное освещение"
150,"Освещение автомобильной дороги «Вилюй» (от М-53 «Байкал» через Братск, Усть-Кут, Мирный до Якутска)",https://ladzavod.ru/portfolio/proizvodstvennye-ploshchadki-i-akb/osveshchenie-avtomobilnoj-dorogi-vilyuj-ot-m-53-bajkal-cherez-bratsk-ust-kut-mirnyj-do-yakutska,https://ladzavod.ru/storage/app/uploads/public/67a/dd1/3ba/67add13ba7572025320805.png,Производственные площадки и АКБ,Промышленное освещение
151,Освещение автомобильной дороги «Ульяновск-Димитровград-Самара» (км 13+046-км 2+310),https://ladzavod.ru/portfolio/ulichnoe-i-dorozhnoe-osveshchenie/osveshchenie-avtomobilnoj-dorogi-ulyanovsk-dimitrovgrad-samara-km-13046-km-2310,https://ladzavod.ru/storage/app/uploads/public/67a/dd1/4ce/67add14cee7ca971332952.png,Уличное и дорожное освещение,"Наружное, уличное и дорожное освещение"
152,Освещение автодороги Тамбов-Пенза,https://ladzavod.ru/portfolio/ulichnoe-i-dorozhnoe-osveshchenie/osveshchenie-avtodorogi-tambov-penza,https://ladzavod.ru/storage/app/uploads/public/67a/dd1/5e4/67add15e43c7b407024080.png,Уличное и дорожное освещение,"Наружное, уличное и дорожное освещение"
153,Устройство освещения автомобильной дороги и пешеходных дорожек на дороге общего пользования регионального значения «Астрахань-Камызяк»,https://ladzavod.ru/portfolio/ulichnoe-i-dorozhnoe-osveshchenie/ustrojstvo-osveshcheniya-avtomobilnoj-dorogi-i-peshehodnyh-dorozhek-na-doroge-obshchego-polzovaniya-regionalnogo-znacheniya-astrahan-kamyzyak,https://ladzavod.ru/storage/app/uploads/public/67a/dd1/72b/67add172b6fb2833436930.png,Уличное и дорожное освещение,"Наружное, уличное и дорожное освещение"
154,"Модернизация сетей наружного освещения г. Челябинска, (МБУ «ЭВИС»)",https://ladzavod.ru/portfolio/ulichnoe-i-dorozhnoe-osveshchenie/modernizaciya-setej-naruzhnogo-osveshcheniya-g-chelyabinska-mbu-evis,https://ladzavod.ru/storage/app/uploads/public/67a/dd1/869/67add186994b2339100548.png,Уличное и дорожное освещение,"Наружное, уличное и дорожное освещение"
155,"Замена уличного освещения города, Исполнительный комитет Арского муниципального района",https://ladzavod.ru/portfolio/ulichnoe-i-dorozhnoe-osveshchenie/zamena-ulichnogo-osveshcheniya-goroda-ispolnitelnyj-komitet-arskogo-municipalnogo-rajona,https://ladzavod.ru/storage/app/uploads/public/67a/dd1/97b/67add197bebc3613540884.png,Уличное и дорожное освещение,"Наружное, уличное и дорожное освещение"
156,Освещение развязки ул. Федюниского- Мельникайте,https://ladzavod.ru/portfolio/ulichnoe-i-dorozhnoe-osveshchenie/osveshchenie-razvyazki-ul-fedyuniskogo-melnikajte,https://ladzavod.ru/storage/app/uploads/public/67a/dd1/ab0/67add1ab05f35959053271.png,Уличное и дорожное освещение,"Наружное, уличное и дорожное освещение"
157,Реконструкция освещения на остановках общественного транспорта,https://ladzavod.ru/portfolio/ulichnoe-i-dorozhnoe-osveshchenie/rekonstrukciya-osveshcheniya-na-ostanovkah-obshchestvennogo-transporta,https://ladzavod.ru/storage/app/uploads/public/67a/dd1/bb6/67add1bb6d38d779144040.png,Уличное и дорожное освещение,"Наружное, уличное и дорожное освещение"
158,Освещение улиц города Чапаевск,https://ladzavod.ru/portfolio/ulichnoe-i-dorozhnoe-osveshchenie/osveshchenie-ulic-goroda-chapaevsk,https://ladzavod.ru/storage/app/uploads/public/67a/dd1/cda/67add1cdab865523210016.png,Уличное и дорожное освещение,"Наружное, уличное и дорожное освещение"
159,Автодорога вокруг цеха горячего брекетирования ПАО «Михайловский ГОК»,https://ladzavod.ru/portfolio/ulichnoe-i-dorozhnoe-osveshchenie/avtodoroga-vokrug-ceha-goryachego-breketirovaniya-pao-mihajlovskij-gok,https://ladzavod.ru/storage/app/uploads/public/67a/dd1/e5e/67add1e5e6cad474924323.png,Уличное и дорожное освещение,"Наружное, уличное и дорожное освещение"
160,"Уличное освещение вахтового поселка ТОО «ТенгизШевройл», п. Шанырак",https://ladzavod.ru/portfolio/ulichnoe-i-dorozhnoe-osveshchenie/ulichnoe-osveshchenie-vahtovogo-poselka-too-tengizshevrojl-p-shanyrak,https://ladzavod.ru/storage/app/uploads/public/67a/dd1/fd2/67add1fd21904774674938.png,Уличное и дорожное освещение,"Наружное, уличное и дорожное освещение"
161,"Автомобильная дорога «Нарьян-Мар – Усинск», участок п. Харьягинский — граница округа км 31 + 410",https://ladzavod.ru/portfolio/ulichnoe-i-dorozhnoe-osveshchenie/avtomobilnaya-doroga-naryan-mar-usinsk-uchastok-p-haryaginskij-granica-okruga-km-31-410,https://ladzavod.ru/storage/app/uploads/public/67a/dd2/0fd/67add20fdd1b6107717282.png,Уличное и дорожное освещение,"Наружное, уличное и дорожное освещение"
162,Архитектурно художественное оформление фасадов здания. Православный храм Василия Великого,https://ladzavod.ru/portfolio/naruzhnoe-osveshchenie-v-tom-chisle-arhitekturno-hudozhestvennoe-osveshchenie/arhitekturno-hudozhestvennoe-oformlenie-fasadov-zdaniya-pravoslavnyj-hram-vasiliya-velikogo,https://ladzavod.ru/storage/app/uploads/public/67a/dd2/5da/67add25dae26b906396467.jpg,Наружное освещение (в том числе архитектурно-художественное освещение),Архитектурное освещение
163,Архитектурно-художественное освещение фасадов здания объект культурного наследия регионального значения: Особняк Бреслина,https://ladzavod.ru/portfolio/naruzhnoe-osveshchenie-v-tom-chisle-arhitekturno-hudozhestvennoe-osveshchenie/arhitekturno-hudozhestvennoe-osveshchenie-fasadov-zdaniya-obekt-kulturnogo-naslediya-regionalnogo-znacheniya-osobnyak-breslina,https://ladzavod.ru/storage/app/uploads/public/67a/dd2/719/67add2719d63b158826572.jpg,Наружное освещение (в том числе архитектурно-художественное освещение),Архитектурное освещение
164,Периметральное освещение АО «Кнауф Гипс Баскунчак»,https://ladzavod.ru/portfolio/naruzhnoe-osveshchenie-v-tom-chisle-arhitekturno-hudozhestvennoe-osveshchenie/perimetralnoe-osveshchenie-ao-knauf-gips-baskunchak,https://ladzavod.ru/storage/app/uploads/public/67a/dd2/831/67add28314b37414872188.jpg,Наружное освещение (в том числе архитектурно-художественное освещение),Архитектурное освещение
165,Периметральное освещение Ириклинская ГРЭС. Филиал АО «Интер РАО-Электрогенерация»,https://ladzavod.ru/portfolio/naruzhnoe-osveshchenie-v-tom-chisle-arhitekturno-hudozhestvennoe-osveshchenie/perimetralnoe-osveshchenie-iriklinskaya-gres-filial-ao-inter-rao-elektrogeneraciya,https://ladzavod.ru/storage/app/uploads/public/67a/dd2/944/67add29445609428402900.jpg,Наружное освещение (в том числе архитектурно-художественное освещение),Архитектурное освещение
166,Освещение строящегося комплекса перегрузки угля «Лавна» в морском порту АО «Теплоэнергетическая компания Мосэнерго»,https://ladzavod.ru/portfolio/naruzhnoe-osveshchenie-v-tom-chisle-arhitekturno-hudozhestvennoe-osveshchenie/osveshchenie-stroyashchegosya-kompleksa-peregruzki-uglya-lavna-v-morskom-portu-ao-teploenergeticheskaya-kompaniya-mosenergo,https://ladzavod.ru/storage/app/uploads/public/67a/dd2/a64/67add2a64908d397186863.jpg,Наружное освещение (в том числе архитектурно-художественное освещение),Архитектурное освещение
167,Архитектурно-художественное освещение «Церковь Святого Мученика Иулиана Тарсийского»,https://ladzavod.ru/portfolio/naruzhnoe-osveshchenie-v-tom-chisle-arhitekturno-hudozhestvennoe-osveshchenie/arhitekturno-hudozhestvennoe-osveshchenie-cerkov-svyatogo-muchenika-iuliana-tarsijskogo,https://ladzavod.ru/storage/app/uploads/public/67a/dd2/b97/67add2b973a9f025638906.png,Наружное освещение (в том числе архитектурно-художественное освещение),Архитектурное освещение
168,Наружное освещение «Динопарка» в ЦПКиО им. Ю.А. Гагарина,https://ladzavod.ru/portfolio/naruzhnoe-osveshchenie-v-tom-chisle-arhitekturno-hudozhestvennoe-osveshchenie/naruzhnoe-osveshchenie-dinoparka-v-cpkio-im-yua-gagarina,https://ladzavod.ru/storage/app/uploads/public/67a/dd2/d2c/67add2d2c8cad598411613.png,Наружное освещение (в том числе архитектурно-художественное освещение),Архитектурное освещение
169,Архитектурно-художественное освещение фасада здания «Челябинской областной универсальной научной библиотеки»,https://ladzavod.ru/portfolio/naruzhnoe-osveshchenie-v-tom-chisle-arhitekturno-hudozhestvennoe-osveshchenie/arhitekturno-hudozhestvennoe-osveshchenie-fasada-zdaniya-chelyabinskoj-oblastnoj-universalnoj-nauchnoj-biblioteki,https://ladzavod.ru/storage/app/uploads/public/67a/dd2/e45/67add2e452029346193281.png,Наружное освещение (в том числе архитектурно-художественное освещение),Архитектурное освещение
170,Наружное освещение Бизнес-центр «Riga Land»,https://ladzavod.ru/portfolio/naruzhnoe-osveshchenie-v-tom-chisle-arhitekturno-hudozhestvennoe-osveshchenie/naruzhnoe-osveshchenie-biznes-centr-riga-land,https://ladzavod.ru/storage/app/uploads/public/67a/dd2/fc0/67add2fc0a2f4731841698.png,Наружное освещение (в том числе архитектурно-художественное освещение),Архитектурное освещение
171,Наружное освещение Воинской части №3526,https://ladzavod.ru/portfolio/naruzhnoe-osveshchenie-v-tom-chisle-arhitekturno-hudozhestvennoe-osveshchenie/naruzhnoe-osveshchenie-voinskoj-chasti-3526,https://ladzavod.ru/storage/app/uploads/public/67a/dd3/0f6/67add30f6457a923589622.png,Наружное освещение (в том числе архитектурно-художественное освещение),Архитектурное освещение
172,Освещение периметра территории Форт «Петр I»,https://ladzavod.ru/portfolio/naruzhnoe-osveshchenie-v-tom-chisle-arhitekturno-hudozhestvennoe-osveshchenie/osveshchenie-perimetra-territorii-fort-petr-i,https://ladzavod.ru/storage/app/uploads/public/67a/dd3/20d/67add320d4dee534889422.png,Наружное освещение (в том числе архитектурно-художественное освещение),Архитектурное освещение
173,Наружное освещение технопарка ПАО «Сбербанк»,https://ladzavod.ru/portfolio/naruzhnoe-osveshchenie-v-tom-chisle-arhitekturno-hudozhestvennoe-osveshchenie/naruzhnoe-osveshchenie-tehnoparka-pao-sberbank,https://ladzavod.ru/storage/app/uploads/public/67a/dd3/328/67add332807d8225514046.png,Наружное освещение (в том числе архитектурно-художественное освещение),Архитектурное освещение
174,"Наружное освещение, АО ГНЦ РФ «Троицкий институт инновационных и термоядерных исследований» (АО ГНЦ РФ «ТРИНИТИ»)",https://ladzavod.ru/portfolio/naruzhnoe-osveshchenie-v-tom-chisle-arhitekturno-hudozhestvennoe-osveshchenie/naruzhnoe-osveshchenie-ao-gnc-rf-troickij-institut-innovacionnyh-i-termoyadernyh-issledovanij-ao-gnc-rf-triniti,https://ladzavod.ru/storage/app/uploads/public/67a/dd3/47a/67add347ab97c010347341.png,Наружное освещение (в том числе архитектурно-художественное освещение),Архитектурное освещение
175,Освещение строящегося аэропортового комплекса «Мирный» ООО «АЭРОПОРТ «МИРНЫЙ»,https://ladzavod.ru/portfolio/naruzhnoe-osveshchenie-v-tom-chisle-arhitekturno-hudozhestvennoe-osveshchenie/osveshchenie-stroyashchegosya-aeroportovogo-kompleksa-mirnyj-ooo-aeroport-mirnyj,https://ladzavod.ru/storage/app/uploads/public/67a/dd3/5bf/67add35bf21cd594815869.png,Наружное освещение (в том числе архитектурно-художественное освещение),Архитектурное освещение
176,"Освещение многофункционального морского перегрузочного терминала ООО «Ультрамар», (ULTRAMAR)",https://ladzavod.ru/portfolio/naruzhnoe-osveshchenie-v-tom-chisle-arhitekturno-hudozhestvennoe-osveshchenie/osveshchenie-mnogofunkcionalnogo-morskogo-peregruzochnogo-terminala-ooo-ultramar-ultramar,https://ladzavod.ru/storage/app/uploads/public/67a/dd3/6f4/67add36f4e4c2888650231.png,Наружное освещение (в том числе архитектурно-художественное освещение),Архитектурное освещение
177,Освещение электрической подстанции энергомоста в Крым,https://ladzavod.ru/portfolio/naruzhnoe-osveshchenie-v-tom-chisle-arhitekturno-hudozhestvennoe-osveshchenie/osveshchenie-elektricheskoj-podstancii-energomosta-v-krym,https://ladzavod.ru/storage/app/uploads/public/67a/dd3/8b0/67add38b0eba0199883092.png,Наружное освещение (в том числе архитектурно-художественное освещение),Архитектурное освещение
178,Наружное освещение производственных площадок ООО «СОМЭКС»,https://ladzavod.ru/portfolio/naruzhnoe-osveshchenie-v-tom-chisle-arhitekturno-hudozhestvennoe-osveshchenie/naruzhnoe-osveshchenie-proizvodstvennyh-ploshchadok-ooo-someks,https://ladzavod.ru/storage/app/uploads/public/67a/dd3/9f5/67add39f5446e396561262.png,Наружное освещение (в том числе архитектурно-художественное освещение),Архитектурное освещение
179,Освещение причальной зоны зернового элеватора ООО «Агропорт Устье Дона»,https://ladzavod.ru/portfolio/naruzhnoe-osveshchenie-v-tom-chisle-arhitekturno-hudozhestvennoe-osveshchenie/osveshchenie-prichalnoj-zony-zernovogo-elevatora-ooo-agroport-uste-dona,https://ladzavod.ru/storage/app/uploads/public/67a/dd3/b73/67add3b735ad3070307370.png,Наружное освещение (в том числе архитектурно-художественное освещение),Архитектурное освещение
180,"Мост через реку Егошиха (ул. Чкалова, ул. Революции), МКУ «Пермблагоустройство»",https://ladzavod.ru/portfolio/naruzhnoe-osveshchenie-v-tom-chisle-arhitekturno-hudozhestvennoe-osveshchenie/most-cherez-reku-egoshiha-ul-chkalova-ul-revolyucii-mku-permblagoustrojstvo,https://ladzavod.ru/storage/app/uploads/public/67a/dd3/c8b/67add3c8bba8e800928602.png,Наружное освещение (в том числе архитектурно-художественное освещение),Архитектурное освещение
181,Фасадное освещение ТЦ «Сити Центр»,https://ladzavod.ru/portfolio/naruzhnoe-osveshchenie-v-tom-chisle-arhitekturno-hudozhestvennoe-osveshchenie/fasadnoe-osveshchenie-tc-siti-centr,https://ladzavod.ru/storage/app/uploads/public/67a/dd3/e17/67add3e1763bf965590508.png,Наружное освещение (в том числе архитектурно-художественное освещение),Архитектурное освещение
182,Наружное освещение ГБСУ СО МО «Дмитровский детский дом-интернат»,https://ladzavod.ru/portfolio/naruzhnoe-osveshchenie-v-tom-chisle-arhitekturno-hudozhestvennoe-osveshchenie/naruzhnoe-osveshchenie-gbsu-so-mo-dmitrovskij-detskij-dom-internat,https://ladzavod.ru/storage/app/uploads/public/67a/dd3/fd4/67add3fd43ee5449750116.png,Наружное освещение (в том числе архитектурно-художественное освещение),Архитектурное освещение
183,Освещение придомовых территорий микрорайона «Красная горка»,https://ladzavod.ru/portfolio/naruzhnoe-osveshchenie-v-tom-chisle-arhitekturno-hudozhestvennoe-osveshchenie/osveshchenie-pridomovyh-territorij-mikrorajona-krasnaya-gorka,https://ladzavod.ru/storage/app/uploads/public/67a/dd4/120/67add412065e8207910643.png,Наружное освещение (в том числе архитектурно-художественное освещение),Архитектурное освещение
184,Освещение питомниковедческой базы Виноградники «Ариант»,https://ladzavod.ru/portfolio/naruzhnoe-osveshchenie-v-tom-chisle-arhitekturno-hudozhestvennoe-osveshchenie/osveshchenie-pitomnikovedcheskoj-bazy-vinogradniki-ariant,https://ladzavod.ru/storage/app/uploads/public/67a/dd4/214/67add42145caf051043376.png,Наружное освещение (в том числе архитектурно-художественное освещение),Архитектурное освещение
185,Освещение ФГБОУ ВПО «Тюменский государственный нефтегазовый университет»,https://ladzavod.ru/portfolio/naruzhnoe-osveshchenie-v-tom-chisle-arhitekturno-hudozhestvennoe-osveshchenie/osveshchenie-fgbou-vpo-tyumenskij-gosudarstvennyj-neftegazovyj-universitet,https://ladzavod.ru/storage/app/uploads/public/67a/dd4/347/67add43472bb7759985247.png,Наружное освещение (в том числе архитектурно-художественное освещение),Архитектурное освещение
186,Освещение парковки ТРК «Сити Молл»,https://ladzavod.ru/portfolio/naruzhnoe-osveshchenie-v-tom-chisle-arhitekturno-hudozhestvennoe-osveshchenie/osveshchenie-parkovki-trk-siti-moll,https://ladzavod.ru/storage/app/uploads/public/67a/dd4/48d/67add448d6513626335423.png,Наружное освещение (в том числе архитектурно-художественное освещение),Архитектурное освещение
187,Наружное (архитектурное) освещение Администрации Калининского района,https://ladzavod.ru/portfolio/naruzhnoe-osveshchenie-v-tom-chisle-arhitekturno-hudozhestvennoe-osveshchenie/naruzhnoe-arhitekturnoe-osveshchenie-administracii-kalininskogo-rajona,https://ladzavod.ru/storage/app/uploads/public/67a/dd4/57e/67add457e26e4580658051.png,Наружное освещение (в том числе архитектурно-художественное освещение),Архитектурное освещение
188,Реконструкция моста через реку Миасс по пр. Победы в г. Челябинске ООО «Челябгорсвет»,https://ladzavod.ru/portfolio/naruzhnoe-osveshchenie-v-tom-chisle-arhitekturno-hudozhestvennoe-osveshchenie/rekonstrukciya-mosta-cherez-reku-miass-po-pr-pobedy-v-g-chelyabinske-ooo-chelyabgorsvet,https://ladzavod.ru/storage/app/uploads/public/67a/dd4/672/67add46722a5b810842847.png,Наружное освещение (в том числе архитектурно-художественное освещение),Архитектурное освещение
189,Художественное освещение фасада здания «Южно-Уральскийгосударственный гуманитарно-педагогический университет»,https://ladzavod.ru/portfolio/naruzhnoe-osveshchenie-v-tom-chisle-arhitekturno-hudozhestvennoe-osveshchenie/hudozhestvennoe-osveshchenie-fasada-zdaniya-yuzhno-uralskijgosudarstvennyj-gumanitarno-pedagogicheskij-universitet,https://ladzavod.ru/storage/app/uploads/public/67a/dd4/7c2/67add47c22aef544120785.png,Наружное освещение (в том числе архитектурно-художественное освещение),Архитектурное освещение
190,Освещение ГАУ ТО Цетр спорта и отдыха «Воронинские горки»,https://ladzavod.ru/portfolio/sportivnoe-osveshchenie/osveshchenie-gau-to-cetr-sporta-i-otdyha-voroninskie-gorki,https://ladzavod.ru/storage/app/uploads/public/67a/dd4/a28/67add4a289241759913772.jpg,Спортивное освещение,Спортивное и освещение высокой мощности
191,Футбольное поле и крытый манеж (матчи по волейболу и гандболу). ГКБУ «Центр спортивной подготовки Пермского края»,https://ladzavod.ru/portfolio/sportivnoe-osveshchenie/futbolnoe-pole-i-krytyj-manezh-matchi-po-volejbolu-i-gandbolu-gkbu-centr-sportivnoj-podgotovki-permskogo-kraya,https://ladzavod.ru/storage/app/uploads/public/67a/dd4/b32/67add4b32fa5c022598445.jpg,Спортивное освещение,Спортивное и освещение высокой мощности
192,Футбольное поле. Администрация Металлургического района,https://ladzavod.ru/portfolio/sportivnoe-osveshchenie/futbolnoe-pole-administraciya-metallurgicheskogo-rajona,https://ladzavod.ru/storage/app/uploads/public/67a/dd4/c58/67add4c58dea3710751903.jpg,Спортивное освещение,Спортивное и освещение высокой мощности
193,Освещение лыжной трассы «Лыжная база»,https://ladzavod.ru/portfolio/sportivnoe-osveshchenie/osveshchenie-lyzhnoj-trassy-lyzhnaya-baza,https://ladzavod.ru/storage/app/uploads/public/67a/dd4/d50/67add4d50912f524634751.png,Спортивное освещение,Спортивное и освещение высокой мощности
194,Освещение СПБ ГБУ спортивной школы олимпийского резерва по футболу «Зенит»,https://ladzavod.ru/portfolio/sportivnoe-osveshchenie/osveshchenie-spb-gbu-sportivnoj-shkoly-olimpijskogo-rezerva-po-futbolu-zenit,https://ladzavod.ru/storage/app/uploads/public/67a/dd4/e6b/67add4e6b70d5967947995.png,Спортивное освещение,Спортивное и освещение высокой мощности
195,Освещение Дворца спорта «Олимпийский»,https://ladzavod.ru/portfolio/sportivnoe-osveshchenie/osveshchenie-dvorca-sporta-olimpijskij,https://ladzavod.ru/storage/app/uploads/public/67a/dd4/f65/67add4f6531ea216410545.png,Спортивное освещение,Спортивное и освещение высокой мощности
196,Освещение Конноспортивного комплекса «Рифей»,https://ladzavod.ru/portfolio/sportivnoe-osveshchenie/osveshchenie-konnosportivnogo-kompleksa-rifej,https://ladzavod.ru/storage/app/uploads/public/67a/dd5/0ad/67add50ad1357349394986.png,Спортивное освещение,Спортивное и освещение высокой мощности
197,Освещение Дворца спорта «Мегаспорт»,https://ladzavod.ru/portfolio/sportivnoe-osveshchenie/osveshchenie-dvorca-sporta-megasport,https://ladzavod.ru/storage/app/uploads/public/67a/dd5/214/67add5214c56a961228501.png,Спортивное освещение,Спортивное и освещение высокой мощности
198,"Горнолыжный курорт ООО «Роза Хутор», освещение периметра территории комплекса",https://ladzavod.ru/portfolio/sportivnoe-osveshchenie/gornolyzhnyj-kurort-ooo-roza-hutor-osveshchenie-perimetra-territorii-kompleksa,https://ladzavod.ru/storage/app/uploads/public/67a/dd5/312/67add53121310182379313.png,Спортивное освещение,Спортивное и освещение высокой мощности
199,Освещение теннисного клуба на территории ОК «Лужники»,https://ladzavod.ru/portfolio/sportivnoe-osveshchenie/osveshchenie-tennisnogo-kluba-na-territorii-ok-luzhniki,https://ladzavod.ru/storage/app/uploads/public/67a/dd5/43b/67add543b15ad914781315.png,Спортивное освещение,Спортивное и освещение высокой мощности
200,Освещение многофункциональной арены «Ледяной куб»,https://ladzavod.ru/portfolio/sportivnoe-osveshchenie/osveshchenie-mnogofunkcionalnoj-areny-ledyanoj-kub,https://ladzavod.ru/storage/app/uploads/public/67a/dd5/55e/67add555e5823305584743.png,Спортивное освещение,Спортивное и освещение высокой мощности
201,"Освещение тренажерного зала, спа-салона, зала проведения боев ТЦ «СКЭС»",https://ladzavod.ru/portfolio/sportivnoe-osveshchenie/osveshchenie-trenazhernogo-zala-spa-salona-zala-provedeniya-boev-tc-skes,https://ladzavod.ru/storage/app/uploads/public/67a/dd5/67a/67add567a67af802732837.png,Спортивное освещение,Спортивное и освещение высокой мощности
202,Скейт-парк МАУ ДО «Дом детского творчества»,https://ladzavod.ru/portfolio/sportivnoe-osveshchenie/skejt-park-mau-do-dom-detskogo-tvorchestva,https://ladzavod.ru/storage/app/uploads/public/67a/dd5/791/67add57914e26151506044.png,Спортивное освещение,Спортивное и освещение высокой мощности
203,Освещение стадиона «Газовик»,https://ladzavod.ru/portfolio/sportivnoe-osveshchenie/osveshchenie-stadiona-gazovik,https://ladzavod.ru/storage/app/uploads/public/67a/dd5/939/67add5939fdcc107481946.png,Спортивное освещение,Спортивное и освещение высокой мощности
204,Физкультурно-оздоровительный комплекс «Горняк»,https://ladzavod.ru/portfolio/sportivnoe-osveshchenie/fizkulturno-ozdorovitelnyj-kompleks-gornyak,https://ladzavod.ru/storage/app/uploads/public/67a/dd5/a3f/67add5a3f216b645316005.png,Спортивное освещение,Спортивное и освещение высокой мощности
205,Межшкольный стадион МБОУ «Ляминская основная общеобразовательная школа им. Героя Советского Союза Зайцева Г.Н.»,https://ladzavod.ru/portfolio/sportivnoe-osveshchenie/mezhshkolnyj-stadion-mbou-lyaminskaya-osnovnaya-obshcheobrazovatelnaya-shkola-im-geroya-sovetskogo-soyuza-zajceva-gn,https://ladzavod.ru/storage/app/uploads/public/67a/dd5/b53/67add5b53b296806783465.png,Спортивное освещение,Спортивное и освещение высокой мощности
206,Внутреннее освещение детского театра при храме в с. Петрово-Дальнее,https://ladzavod.ru/portfolio/ofisnoe-torgovoe-i-prochee-vnutrennee-osveshchenie/vnutrennee-osveshchenie-detskogo-teatra-pri-hrame-v-s-petrovo-dalnee,https://ladzavod.ru/storage/app/uploads/public/67a/dd5/f63/67add5f637e7a626565914.jpg,"Офисное, торговое и прочее внутреннее освещение","Офисное, торговое, ЖКХ и АБК освещение"
207,Освещение шоурума ООО «ЛЕ-МАН» (официальный дилер УАЗ в г. Рязани),https://ladzavod.ru/portfolio/ofisnoe-torgovoe-i-prochee-vnutrennee-osveshchenie/osveshchenie-shouruma-ooo-le-man-oficialnyj-diler-uaz-v-g-ryazani,https://ladzavod.ru/storage/app/uploads/public/67a/dd6/06b/67add606b3917428566721.jpg,"Офисное, торговое и прочее внутреннее освещение","Офисное, торговое, ЖКХ и АБК освещение"
208,Освещение сцены ОГБУК «Челябинская государственная филармония» (ОГБУК «ЧГФ»),https://ladzavod.ru/portfolio/ofisnoe-torgovoe-i-prochee-vnutrennee-osveshchenie/osveshchenie-sceny-ogbuk-chelyabinskaya-gosudarstvennaya-filarmoniya-ogbuk-chgf,https://ladzavod.ru/storage/app/uploads/public/67a/dd6/1e5/67add61e50530858128791.jpg,"Офисное, торговое и прочее внутреннее освещение","Офисное, торговое, ЖКХ и АБК освещение"
209,Освещение автосалона «Mazda» (официальный дилер марки),https://ladzavod.ru/portfolio/ofisnoe-torgovoe-i-prochee-vnutrennee-osveshchenie/osveshchenie-avtosalona-mazda-oficialnyj-diler-marki,https://ladzavod.ru/storage/app/uploads/public/67a/dd6/30a/67add630a1992391526542.png,"Офисное, торговое и прочее внутреннее освещение","Офисное, торговое, ЖКХ и АБК освещение"
210,Капитальный ремонт общежития №4 (ЖКХ светильники) ФГБОУ ВО «Курганский государственный университет»,https://ladzavod.ru/portfolio/ofisnoe-torgovoe-i-prochee-vnutrennee-osveshchenie/kapitalnyj-remont-obshchezhitiya-4-zhkh-svetilniki-fgbou-vo-kurganskij-gosudarstvennyj-universitet,https://ladzavod.ru/storage/app/uploads/public/67a/dd6/43b/67add643b8fe1333089096.png,"Офисное, торговое и прочее внутреннее освещение","Офисное, торговое, ЖКХ и АБК освещение"
211,Освещение территории и офисов помещений ФГУП «РосРАО»,https://ladzavod.ru/portfolio/ofisnoe-torgovoe-i-prochee-vnutrennee-osveshchenie/osveshchenie-territorii-i-ofisov-pomeshchenij-fgup-rosrao,https://ladzavod.ru/storage/app/uploads/public/67a/dd6/57c/67add657c50f4318308257.png,"Офисное, торговое и прочее внутреннее освещение","Офисное, торговое, ЖКХ и АБК освещение"
212,"Архитектурное, внутреннее освещение торговых залов, освещение открытых парковок ТЦ «Виноградный» (Villa Aristov)",https://ladzavod.ru/portfolio/ofisnoe-torgovoe-i-prochee-vnutrennee-osveshchenie/arhitekturnoe-vnutrennee-osveshchenie-torgovyh-zalov-osveshchenie-otkrytyh-parkovok-tc-vinogradnyj-villa-aristov,https://ladzavod.ru/storage/app/uploads/public/67a/dd6/6c3/67add66c345a7595574782.png,"Офисное, торговое и прочее внутреннее освещение","Офисное, торговое, ЖКХ и АБК освещение"
213,"Наружное и ЖКХ освещение строящегося многоэтажного дома №4.7 в мкр. №1 ООО «Предприятие промышленного, гражданского и нефтегазового строительства»",https://ladzavod.ru/portfolio/ofisnoe-torgovoe-i-prochee-vnutrennee-osveshchenie/naruzhnoe-i-zhkh-osveshchenie-stroyashchegosya-mnogoetazhnogo-doma-47-v-mkr-1-ooo-predpriyatie-promyshlennogo-grazhdanskogo-i-neftegazovogo-stroitelstva,https://ladzavod.ru/storage/app/uploads/public/67a/dd6/7f5/67add67f533a1303617749.png,"Офисное, торговое и прочее внутреннее освещение","Офисное, торговое, ЖКХ и АБК освещение"
214,Реконструкция автосалона «Тюмень-Лада»,https://ladzavod.ru/portfolio/ofisnoe-torgovoe-i-prochee-vnutrennee-osveshchenie/rekonstrukciya-avtosalona-tyumen-lada,https://ladzavod.ru/storage/app/uploads/public/67a/dd6/92a/67add692abb6e101161408.png,"Офисное, торговое и прочее внутреннее освещение","Офисное, торговое, ЖКХ и АБК освещение"
215,Освещение территории выставочного центра «ЭКПОГРАД ЮГ»,https://ladzavod.ru/portfolio/ofisnoe-torgovoe-i-prochee-vnutrennee-osveshchenie/osveshchenie-territorii-vystavochnogo-centra-ekpograd-yug,https://ladzavod.ru/storage/app/uploads/public/67a/dd6/abd/67add6abde460094863383.png,"Офисное, торговое и прочее внутреннее освещение","Офисное, торговое, ЖКХ и АБК освещение"
216,Наружное и внутреннее освещение ТК «Слава»,https://ladzavod.ru/portfolio/ofisnoe-torgovoe-i-prochee-vnutrennee-osveshchenie/naruzhnoe-i-vnutrennee-osveshchenie-tk-slava,https://ladzavod.ru/storage/app/uploads/public/67a/dd6/bca/67add6bca10e0259446499.png,"Офисное, торговое и прочее внутреннее освещение","Офисное, торговое, ЖКХ и АБК освещение"
217,Освещение ТЦ «Лента»,https://ladzavod.ru/portfolio/ofisnoe-torgovoe-i-prochee-vnutrennee-osveshchenie/osveshchenie-tc-lenta,https://ladzavod.ru/storage/app/uploads/public/67a/dd6/cf2/67add6cf28bce500442568.png,"Офисное, торговое и прочее внутреннее освещение","Офисное, торговое, ЖКХ и АБК освещение"
218,Освещение строящейся СОШ ООО «Центр капитального ремонта»,https://ladzavod.ru/portfolio/obrazovatelnye-i-medicinskie-uchrezhdeniya/osveshchenie-stroyashchejsya-sosh-ooo-centr-kapitalnogo-remonta,https://ladzavod.ru/storage/app/uploads/public/67a/dd6/fe4/67add6fe46694004848930.png,Образовательные и медицинские учреждения,"Офисное, торговое, ЖКХ и АБК освещение"
219,ФГБУ «НМИЦ ВМТ имени А.А. Вишневского» Министерства обороны России,https://ladzavod.ru/portfolio/obrazovatelnye-i-medicinskie-uchrezhdeniya/fgbu-nmic-vmt-imeni-aa-vishnevskogo-ministerstva-oborony-rossii,https://ladzavod.ru/storage/app/uploads/public/67a/dd7/226/67add722650b6838094756.png,Образовательные и медицинские учреждения,"Офисное, торговое, ЖКХ и АБК освещение"
220,Внутреннее освещение «Республиканской детской клинической больницы»,https://ladzavod.ru/portfolio/obrazovatelnye-i-medicinskie-uchrezhdeniya/vnutrennee-osveshchenie-respublikanskoj-detskoj-klinicheskoj-bolnicy,https://ladzavod.ru/storage/app/uploads/public/67a/dd7/33a/67add733a9b28258294188.png,Образовательные и медицинские учреждения,"Офисное, торговое, ЖКХ и АБК освещение"
221,Благоустройство освещения на территории ГБОУ «Зеленоградский дворец творчества детей и молодежи»,https://ladzavod.ru/portfolio/obrazovatelnye-i-medicinskie-uchrezhdeniya/blagoustrojstvo-osveshcheniya-na-territorii-gbou-zelenogradskij-dvorec-tvorchestva-detej-i-molodezhi,https://ladzavod.ru/storage/app/uploads/public/67a/dd7/462/67add7462911d409799141.png,Образовательные и медицинские учреждения,"Офисное, торговое, ЖКХ и АБК освещение"
222,"Освещение строящейся школы на 800 мест с бассейном, Инженерно-экономический лицей имени И.М. Виноградова",https://ladzavod.ru/portfolio/obrazovatelnye-i-medicinskie-uchrezhdeniya/osveshchenie-stroyashchejsya-shkoly-na-800-mest-s-bassejnom-inzhenerno-ekonomicheskij-licej-imeni-im-vinogradova,https://ladzavod.ru/storage/app/uploads/public/67a/dd7/57c/67add757ca45c790424475.png,Образовательные и медицинские учреждения,"Офисное, торговое, ЖКХ и АБК освещение"
223,Освещение тяговых подстанций Забайкальской железной дороги ОАО «РЖД»,https://ladzavod.ru/portfolio/osveshchenie-zh-d-obektov/osveshchenie-tyagovyh-podstancij-zabajkalskoj-zheleznoj-dorogi-oao-rzhd,https://ladzavod.ru/storage/app/uploads/public/67a/dd7/85b/67add785bb876555440360.jpg,Освещение ж/д обьектов,РЖД
224,Освещение тяговых подстанций Восточно-Сибирской железной дороги ОАО «РЖД»,https://ladzavod.ru/portfolio/osveshchenie-zh-d-obektov/osveshchenie-tyagovyh-podstancij-vostochno-sibirskoj-zheleznoj-dorogi-oao-rzhd,https://ladzavod.ru/storage/app/uploads/public/67a/dd7/96e/67add796e2240604019654.jpg,Освещение ж/д обьектов,РЖД
225,"Модернизация тяговой электрической подстанции № 441 «Железнодорожная», ОАО «РЖД»",https://ladzavod.ru/portfolio/osveshchenie-zh-d-obektov/modernizaciya-tyagovoj-elektricheskoj-podstancii-441-zheleznodorozhnaya-oao-rzhd,https://ladzavod.ru/storage/app/uploads/public/67a/dd7/b34/67add7b34ad16112473324.jpg,Освещение ж/д обьектов,РЖД
226,Освещение железнодорожного моста и контрольно-пропускного пункта через Керченский пролив (Керченский мост),https://ladzavod.ru/portfolio/osveshchenie-zh-d-obektov/osveshchenie-zheleznodorozhnogo-mosta-i-kontrolno-propusknogo-punkta-cherez-kerchenskij-proliv-kerchenskij-most,https://ladzavod.ru/storage/app/uploads/public/67a/dd7/c6b/67add7c6b6276060161056.png,Освещение ж/д обьектов,РЖД
227,"Освещение железнодорожных станций вблизи городов: Барнаул, Учалы, Омск",https://ladzavod.ru/portfolio/osveshchenie-zh-d-obektov/osveshchenie-zheleznodorozhnyh-stancij-vblizi-gorodov-barnaul-uchaly-omsk,https://ladzavod.ru/storage/app/uploads/public/67a/dd7/dd5/67add7dd56518692063134.png,Освещение ж/д обьектов,РЖД
228,Освещение производственных помещений и железнодорожных путей парка отстоя вагонов АО «Каустик»,https://ladzavod.ru/portfolio/osveshchenie-zh-d-obektov/osveshchenie-proizvodstvennyh-pomeshchenij-i-zheleznodorozhnyh-putej-parka-otstoya-vagonov-ao-kaustik,https://ladzavod.ru/storage/app/uploads/public/67a/dd7/eeb/67add7eeb74fc952907724.png,Освещение ж/д обьектов,РЖД
229,Обгонный пункт 22 км СевКавЖД,https://ladzavod.ru/portfolio/osveshchenie-zh-d-obektov/obgonnyj-punkt-22-km-sevkavzhd,https://ladzavod.ru/storage/app/uploads/public/67a/dd8/03a/67add803a92f8225071729.png,Освещение ж/д обьектов,РЖД